{
  "message0": "Set animation speed for entity %1 to %2",
  "args0": [
    {
      "type": "input_value",
      "name": "entity",
      "check": "Entity"
    },
	{
      "type": "input_value",
      "name": "speed",
      "check": "Number"
    }
  ],
  "inputsInline": true,
  "previousStatement": null,
  "nextStatement": null,
  "colour": 310,
  "mcreator": {
    "toolbox_id": "animationmanagement",
    "toolbox_init": [
      "<value name=\"entity\"><block type=\"entity_from_deps\"></block></value>",
	  "<value name=\"speed\"><block type=\"math_number\"><field name=\"NUM\">1</field></block></value>"
    ],
    "inputs": [
      "entity",
      "speed"
    ],
    "required_apis":[
      "geckolib"
    ]
  }
}