{
	"credit": "Made with Blockbench",
	"parent": "commputer",
	"textures": {
		"0": "Commputer/texture",
		"particle": "Commputer/texture"
	},
	"elements": [
		{
			"from": [-3, 0, 9],
			"to": [19, 32, 16],
			"rotation": {"angle": 0, "axis": "y", "origin": [8, 8, 23]},
			"faces": {
				"north": {"uv": [0, 0, 7.499, 7.75], "texture": "#0"},
				"east": {"uv": [12, 0.5, 13.997, 3.248], "texture": "#0"},
				"south": {"uv": [11.5, 12.25, 15.748, 15.748], "texture": "#0"},
				"west": {"uv": [12, 0.5, 13.997, 3.248], "texture": "#0"},
				"up": {"uv": [11.25, 12.25, 15.748, 15.748], "texture": "#0"},
				"down": {"uv": [11.25, 12.25, 15.497, 15.497], "texture": "#0"}
			}
		},
		{
			"from": [-3, 0, 5],
			"to": [19, 14, 9],
			"rotation": {"angle": 0, "axis": "y", "origin": [8, 8, 16]},
			"faces": {
				"north": {"uv": [0, 8.25, 4.247, 11.997], "texture": "#0"},
				"east": {"uv": [12, 0.25, 13.997, 3.248], "texture": "#0"},
				"south": {"uv": [0, 0, 16, 14], "texture": "#missing"},
				"west": {"uv": [12, 0.25, 13.998, 3.248], "texture": "#0"},
				"up": {"uv": [0, 12, 10.998, 15.497], "texture": "#0"},
				"down": {"uv": [11.25, 12.25, 15.497, 15.747], "texture": "#0"}
			}
		},
		{
			"from": [-1.5, 15, 6.5],
			"to": [-0.5, 16, 7.5],
			"rotation": {"angle": 0, "axis": "y", "origin": [-4, 14, 16]},
			"faces": {
				"north": {"uv": [11, 12, 15.999, 15.999], "texture": "#0"},
				"east": {"uv": [14, 0, 15.999, 3.5], "texture": "#0"},
				"south": {"uv": [0, 0, 16, 14], "texture": "#missing"},
				"west": {"uv": [14, 0, 15.999, 3.5], "texture": "#0"},
				"up": {"uv": [12, 13, 13.997, 14.497], "texture": "#0"},
				"down": {"uv": [11, 12, 15.999, 15.999], "texture": "#0"}
			}
		},
		{
			"from": [-2, 14, 6],
			"to": [0, 15, 8],
			"rotation": {"angle": 0, "axis": "y", "origin": [-4, 13, 16]},
			"faces": {
				"north": {"uv": [11, 12, 15.999, 15.999], "texture": "#0"},
				"east": {"uv": [14, 0, 15.999, 3.5], "texture": "#0"},
				"south": {"uv": [0, 0, 16, 14], "texture": "#missing"},
				"west": {"uv": [14, 0, 15.999, 3.5], "texture": "#0"},
				"up": {"uv": [11, 12, 15.999, 15.998], "texture": "#0"},
				"down": {"uv": [11, 12, 15.999, 15.999], "texture": "#0"}
			}
		}
	],
	"display": {
		"thirdperson_righthand": {
			"rotation": [0, 169, 0],
			"translation": [0, 0, 0.75],
			"scale": [0.2, 0.2, 0.2]
		},
		"thirdperson_lefthand": {
			"rotation": [0, 169, 0],
			"scale": [0.2, 0.2, 0.2]
		},
		"firstperson_righthand": {
			"rotation": [0, 134, 0],
			"translation": [0.75, 0.25, 0],
			"scale": [0.2, 0.2, 0.2]
		},
		"firstperson_lefthand": {
			"rotation": [0, 132, 0],
			"translation": [1, 0.75, 0],
			"scale": [0.2, 0.2, 0.2]
		},
		"ground": {
			"translation": [0, 2, 0],
			"scale": [0.2, 0.2, 0.2]
		},
		"gui": {
			"rotation": [0, 149, 0],
			"translation": [-0.5, -3, 0],
			"scale": [0.4, 0.4, 0.4]
		},
		"head": {
			"translation": [0, 10.25, -0.5],
			"scale": [0.5, 0.5, 0.5]
		},
		"fixed": {
			"translation": [0, -3, -3.75],
			"scale": [0.5, 0.5, 0.5]
		}
	}
}