{
	"credit": "Made with Blockbench",
	"parent": "flage",
	"textures": {
		"0": "block/white_concrete",
		"1": "block/blue_wool",
		"2": "block/smooth_stone",
		"particle": "block/white_concrete"
	},
	"elements": [
		{
			"from": [13, 1, 7],
			"to": [14, 32, 8],
			"rotation": {"angle": 0, "axis": "y", "origin": [21, 8, 15]},
			"faces": {
				"north": {"uv": [1, 1, 2, 15], "texture": "#2"},
				"east": {"uv": [1, 1, 2, 15], "texture": "#2"},
				"south": {"uv": [1, 1, 2, 15], "texture": "#2"},
				"west": {"uv": [1, 1, 2, 15], "texture": "#2"},
				"up": {"uv": [0, 0, 1, 1], "texture": "#0"},
				"down": {"uv": [0, 0, 1, 1], "texture": "#missing"}
			}
		},
		{
			"from": [12.5, 0, 6.5],
			"to": [14.5, 1, 8.5],
			"rotation": {"angle": 0, "axis": "y", "origin": [22, 8, 15]},
			"faces": {
				"north": {"uv": [0, 0, 2, 1], "texture": "#0"},
				"east": {"uv": [0, 0, 2, 1], "texture": "#0"},
				"south": {"uv": [0, 0, 2, 1], "texture": "#0"},
				"west": {"uv": [0, 0, 2, 1], "texture": "#0"},
				"up": {"uv": [0, 0, 2, 2], "texture": "#0"},
				"down": {"uv": [0, 0, 2, 2], "texture": "#0"}
			}
		},
		{
			"from": [-1, 23, 7],
			"to": [13, 31, 8],
			"rotation": {"angle": 0, "axis": "y", "origin": [20, 23, 15]},
			"faces": {
				"north": {"uv": [0, 0, 14, 8], "texture": "#1"},
				"east": {"uv": [0, 0, 1, 8], "texture": "#missing"},
				"south": {"uv": [0, 0, 14, 8], "texture": "#1"},
				"west": {"uv": [0, 0, 1, 8], "texture": "#1"},
				"up": {"uv": [0, 0, 14, 1], "texture": "#1"},
				"down": {"uv": [0, 0, 14, 1], "texture": "#1"}
			}
		}
	],
	"display": {
		"thirdperson_righthand": {
			"rotation": [70, -112, 0],
			"translation": [1.5, 4.25, -1.25]
		},
		"thirdperson_lefthand": {
			"rotation": [65, 45, 0],
			"translation": [3.5, 2.25, -1.25]
		},
		"firstperson_righthand": {
			"rotation": [0, -61, 0],
			"translation": [1.5, 0.75, 0],
			"scale": [0.47695, 0.72695, 0.6]
		},
		"firstperson_lefthand": {
			"rotation": [0, 95, 0],
			"translation": [1.25, 1.25, 0],
			"scale": [0.6, 0.6, 0.6]
		},
		"ground": {
			"translation": [0, 2.75, 0],
			"scale": [0.3, 0.3, 0.3]
		},
		"gui": {
			"rotation": [0, -180, 0],
			"translation": [0, -4, 0],
			"scale": [0.5, 0.5, 1]
		},
		"head": {
			"translation": [-4, 13.75, 1]
		},
		"fixed": {
			"translation": [0, -3.25, 0],
			"scale": [0.5, 0.5, 1]
		}
	}
}