{
	"credit": "Made with Blockbench",
	"parent": "glowstonetorch",
	"textures": {
		"0": "block/oak_planks",
		"2": "block/torch",
		"4": "block/glowstone",
		"particle": "block/oak_planks"
	},
	"elements": [
		{
			"from": [7, 0, 7],
			"to": [9, 8, 9],
			"rotation": {"angle": 0, "axis": "y", "origin": [15, 8, 15]},
			"faces": {
				"north": {"uv": [7, 8, 8.998, 15.999], "texture": "#2"},
				"east": {"uv": [7, 8, 9, 15.999], "texture": "#2"},
				"south": {"uv": [7, 8, 9, 15.999], "texture": "#2"},
				"west": {"uv": [7, 8, 8.999, 15.999], "texture": "#2"},
				"up": {"uv": [0, 0, 2, 2], "texture": "#missing"},
				"down": {"uv": [0, 0, 2, 2], "texture": "#0"}
			}
		},
		{
			"from": [7, 8, 7],
			"to": [9, 10, 9],
			"rotation": {"angle": 0, "axis": "y", "origin": [15, 16, 15]},
			"faces": {
				"north": {"uv": [0, 5, 3.998, 8.998], "texture": "#4"},
				"east": {"uv": [8, 7, 12, 10.998], "texture": "#4"},
				"south": {"uv": [0, 0, 3.998, 3.996], "texture": "#4"},
				"west": {"uv": [11, 11, 14.999, 14.997], "texture": "#4"},
				"up": {"uv": [3, 3, 11, 11], "texture": "#4"},
				"down": {"uv": [0, 0, 2, 2], "texture": "#0"}
			}
		}
	],
	"display": {
		"thirdperson_righthand": {
			"translation": [0, 2.5, 0.5],
			"scale": [0.3, 0.3, 0.3]
		},
		"thirdperson_lefthand": {
			"translation": [0, 2.25, 0.5],
			"scale": [0.3, 0.3, 0.3]
		},
		"firstperson_righthand": {
			"rotation": [-11, 0, 0],
			"translation": [0.5, 4.25, 0],
			"scale": [0.6, 0.6, 0.6]
		},
		"firstperson_lefthand": {
			"rotation": [-8, 0, 0],
			"translation": [2, 3.75, 0],
			"scale": [0.6, 0.6, 0.6]
		},
		"ground": {
			"translation": [0, 4, 0],
			"scale": [0.5, 0.5, 0.5]
		},
		"head": {
			"translation": [0, 14, 0]
		}
	}
}