{
	"credit": "Made with Blockbench",
	"parent": "launchpad",
	"textures": {
		"1": "Launchpad new/Launchpad",
		"particle": "Launchpad new/Launchpad"
	},
	"elements": [
		{
			"from": [-16, 0, 16],
			"to": [0, 2, 32],
			"faces": {
				"north": {"uv": [3.864, 0, 15.999, 8.543], "texture": "#missing"},
				"east": {"uv": [3.864, 0, 15.999, 8.784], "texture": "#missing"},
				"south": {"uv": [2, 0, 14.652, 0.501], "texture": "#1"},
				"west": {"uv": [1, 0, 9.653, 0.543], "texture": "#1"},
				"up": {"uv": [0, 0, 16, 16], "texture": "#1"},
				"down": {"uv": [0.106, 0, 15.999, 16], "texture": "#1"}
			}
		},
		{
			"from": [16, 0, 16],
			"to": [32, 2, 32],
			"rotation": {"angle": 0, "axis": "y", "origin": [40, 8, 8]},
			"faces": {
				"north": {"uv": [3.864, 0, 15.999, 8.543], "texture": "#missing"},
				"east": {"uv": [2, 0, 13.134, 0.783], "texture": "#1"},
				"south": {"uv": [0, 0, 9.653, 0.501], "texture": "#1"},
				"west": {"uv": [4.347, 2, 16, 10.543], "texture": "#missing"},
				"up": {"uv": [0, 0, 16, 16], "texture": "#1"},
				"down": {"uv": [0.106, 0, 15.999, 16], "texture": "#1"}
			}
		},
		{
			"from": [0, 0, 16],
			"to": [16, 2, 32],
			"rotation": {"angle": 0, "axis": "y", "origin": [24, 8, 8]},
			"faces": {
				"north": {"uv": [3.864, 0, 15.999, 8.543], "texture": "#missing"},
				"east": {"uv": [3.864, 0, 15.999, 8.784], "texture": "#missing"},
				"south": {"uv": [2, 0, 14.652, 0.501], "texture": "#1"},
				"west": {"uv": [4.347, 2, 16, 10.543], "texture": "#missing"},
				"up": {"uv": [0, 0, 16, 16], "texture": "#1"},
				"down": {"uv": [0.106, 0, 15.999, 16], "texture": "#1"}
			}
		},
		{
			"from": [-16, 0, 0],
			"to": [0, 2, 16],
			"rotation": {"angle": 0, "axis": "y", "origin": [8, 8, -8]},
			"faces": {
				"north": {"uv": [0, 0, 16, 16], "texture": "#1"},
				"east": {"uv": [3.864, 0, 15.999, 8.784], "texture": "#missing"},
				"south": {"uv": [4.347, 1, 16, 12.502], "texture": "#missing"},
				"west": {"uv": [2, 0, 14.652, 0.543], "texture": "#1"},
				"up": {"uv": [0, 0, 16, 16], "texture": "#1"},
				"down": {"uv": [0.106, 0, 15.999, 16], "texture": "#1"}
			}
		},
		{
			"from": [16, 0, 0],
			"to": [32, 2, 16],
			"rotation": {"angle": 0, "axis": "y", "origin": [40, 8, -8]},
			"faces": {
				"north": {"uv": [3.864, 0, 15.999, 8.543], "texture": "#missing"},
				"east": {"uv": [3.864, 0, 15.999, 0.783], "texture": "#1"},
				"south": {"uv": [4.347, 1, 16, 12.502], "texture": "#missing"},
				"west": {"uv": [4.347, 2, 16, 10.543], "texture": "#missing"},
				"up": {"uv": [0, 0, 16, 16], "texture": "#1"},
				"down": {"uv": [0.106, 0, 15.999, 16], "texture": "#1"}
			}
		},
		{
			"from": [-7, 1, -7],
			"to": [23, 3, 23],
			"rotation": {"angle": 0, "axis": "y", "origin": [24, 8, -8]},
			"faces": {
				"north": {"uv": [3.864, 0, 15.999, 0.543], "texture": "#1"},
				"east": {"uv": [3.864, 0, 15.999, 0.783], "texture": "#1"},
				"south": {"uv": [3, 0, 14.652, 0.501], "texture": "#1"},
				"west": {"uv": [1, 0, 12.652, 0.543], "texture": "#1"},
				"up": {"uv": [0, 0, 16, 16], "texture": "#1"},
				"down": {"uv": [4.106, 0, 16, 16], "texture": "#missing"}
			}
		},
		{
			"from": [1, 2, 1],
			"to": [15, 4, 15],
			"rotation": {"angle": 0, "axis": "y", "origin": [24, 9, -8]},
			"faces": {
				"north": {"uv": [3.864, 0, 15.998, 0.543], "texture": "#1"},
				"east": {"uv": [2.864, 0, 14.998, 0.783], "texture": "#1"},
				"south": {"uv": [3, 0, 15.652, 0.501], "texture": "#1"},
				"west": {"uv": [3, 0, 14.652, 0.543], "texture": "#1"},
				"up": {"uv": [0, 0, 16, 16], "texture": "#1"},
				"down": {"uv": [4.106, 0, 16, 16], "texture": "#missing"}
			}
		},
		{
			"from": [-16, 0, -16],
			"to": [0, 2, 0],
			"rotation": {"angle": 0, "axis": "y", "origin": [8, 8, -24]},
			"faces": {
				"north": {"uv": [3.864, 0, 15.999, 0.543], "texture": "#1"},
				"east": {"uv": [3.864, 0, 15.999, 8.784], "texture": "#missing"},
				"south": {"uv": [4.347, 1, 16, 12.502], "texture": "#missing"},
				"west": {"uv": [2, 0, 15.653, 0.543], "texture": "#1"},
				"up": {"uv": [0, 0, 16, 16], "texture": "#1"},
				"down": {"uv": [0.106, 0, 15.999, 16], "texture": "#1"}
			}
		},
		{
			"from": [16, 0, -16],
			"to": [32, 2, 0],
			"rotation": {"angle": 0, "axis": "y", "origin": [40, 8, -24]},
			"faces": {
				"north": {"uv": [0, 0, 16, 1], "texture": "#1"},
				"east": {"uv": [3.864, 0, 15.999, 0.783], "texture": "#1"},
				"south": {"uv": [4.347, 1, 16, 12.502], "texture": "#missing"},
				"west": {"uv": [4.347, 2, 16, 10.543], "texture": "#missing"},
				"up": {"uv": [0, 0, 16, 16], "texture": "#1"},
				"down": {"uv": [0.106, 0, 15.999, 16], "texture": "#1"}
			}
		},
		{
			"from": [0, 0, -16],
			"to": [16, 2, 0],
			"rotation": {"angle": 0, "axis": "y", "origin": [24, 8, -24]},
			"faces": {
				"north": {"uv": [3.864, 0, 15.999, 0.543], "texture": "#1"},
				"east": {"uv": [3.864, 0, 15.999, 8.784], "texture": "#missing"},
				"south": {"uv": [4.347, 1, 16, 12.502], "texture": "#missing"},
				"west": {"uv": [4.347, 2, 16, 10.543], "texture": "#missing"},
				"up": {"uv": [0, 0, 16, 16], "texture": "#1"},
				"down": {"uv": [0.106, 0, 15.999, 16], "texture": "#1"}
			}
		},
		{
			"from": [0, 0, 0],
			"to": [16, 2, 16],
			"rotation": {"angle": 0, "axis": "y", "origin": [24, 8, -8]},
			"faces": {
				"north": {"uv": [3.864, 0, 15.999, 8.543], "texture": "#missing"},
				"east": {"uv": [3.864, 0, 15.999, 8.784], "texture": "#missing"},
				"south": {"uv": [4.347, 1, 16, 12.502], "texture": "#missing"},
				"west": {"uv": [4.347, 2, 16, 10.543], "texture": "#missing"},
				"up": {"uv": [5.615, 0, 16, 15.396], "texture": "#missing"},
				"down": {"uv": [0.106, 0, 15.999, 16], "texture": "#1"}
			}
		}
	],
	"display": {
		"thirdperson_righthand": {
			"rotation": [85, -1, 1],
			"translation": [0, 2.5, 0.75],
			"scale": [0.1, 0.1, 0.1]
		},
		"thirdperson_lefthand": {
			"rotation": [77, 0, 0],
			"translation": [0, 2.5, 0.75],
			"scale": [0.1, 0.1, 0.1]
		},
		"firstperson_righthand": {
			"rotation": [0, 0, 10],
			"translation": [0.5, 2.25, 0.75],
			"scale": [0.1, 0.1, 0.1]
		},
		"firstperson_lefthand": {
			"rotation": [0, 0, 13],
			"translation": [0, 2.75, 1.5],
			"scale": [0.1, 0.1, 0.1]
		},
		"ground": {
			"translation": [0, -0.25, 0],
			"scale": [0.15, 0.15, 0.15]
		},
		"gui": {
			"rotation": [92, -3, -19],
			"translation": [1, -0.75, 0],
			"scale": [0.3, 0.43, 0.3]
		},
		"head": {
			"translation": [0, 13.5, 0]
		},
		"fixed": {
			"rotation": [-90, 0, 0],
			"translation": [0, 0, -2.75],
			"scale": [0.3, 0.37, 0.3]
		}
	}
}