{
	"credit": "Made with Blockbench",
	"textures": {
		"1": "auch Texturen/workbench_nasa_top",
		"2": "Workbench/model",
		"3": "Workbench/nasaworkbench",
		"4": "Workbench/workbench_nasa_side"
	},
	"elements": [
		{
			"from": [1, 0, 1],
			"to": [15, 14, 15],
			"faces": {
				"north": {"uv": [0, 0, 16, 16], "texture": "#4"},
				"east": {"uv": [0, 0, 16, 16], "texture": "#4"},
				"south": {"uv": [0, 0, 16, 16], "texture": "#4"},
				"west": {"uv": [0, 0, 16, 16], "texture": "#4"},
				"up": {"uv": [0, 0, 16, 16], "texture": "#1"},
				"down": {"uv": [0, 0, 16, 16], "texture": "#1"}
			}
		},
		{
			"from": [5, 14, 5],
			"to": [11, 19.5, 11],
			"rotation": {"angle": 0, "axis": "y", "origin": [13, 22, 18]},
			"faces": {
				"north": {"uv": [4, 3, 9.999, 7], "texture": "#1"},
				"east": {"uv": [2, 3, 8, 7], "texture": "#1"},
				"south": {"uv": [2, 2, 8, 6], "texture": "#1"},
				"west": {"uv": [2, 4, 8, 8], "texture": "#1"},
				"up": {"uv": [0, 0, 15.996, 15.998], "texture": "#2"},
				"down": {"uv": [0, 0, 6, 6], "texture": "#missing"}
			}
		},
		{
			"from": [-2.5, 15.5, 3],
			"to": [17.7, 17, 13.4],
			"rotation": {"angle": 0, "axis": "y", "origin": [22, 22, 16]},
			"faces": {
				"north": {"uv": [4, 3, 9.999, 7], "texture": "#1"},
				"east": {"uv": [2, 3, 8, 7], "texture": "#1"},
				"south": {"uv": [2, 2, 8, 6], "texture": "#1"},
				"west": {"uv": [2, 4, 8, 8], "texture": "#1"},
				"up": {"uv": [3, 3, 11.999, 9.999], "texture": "#1"},
				"down": {"uv": [2, 2, 8, 8], "texture": "#1"}
			}
		},
		{
			"from": [2.3, 15.5, -2],
			"to": [12.9, 17, 18.2],
			"rotation": {"angle": 0, "axis": "y", "origin": [22, 22, 16]},
			"faces": {
				"north": {"uv": [4, 3, 9.999, 7], "texture": "#1"},
				"east": {"uv": [2, 3, 8, 7], "texture": "#1"},
				"south": {"uv": [2, 2, 8, 6], "texture": "#1"},
				"west": {"uv": [2, 4, 8, 8], "texture": "#1"},
				"up": {"uv": [3, 3, 11.999, 9.999], "texture": "#1"},
				"down": {"uv": [2, 2, 8, 8], "texture": "#1"}
			}
		},
		{
			"from": [-7, 16.5, 6],
			"to": [-2.8, 21, 10.1],
			"rotation": {"angle": 22.5, "axis": "z", "origin": [2, 26, 17]},
			"faces": {
				"north": {"uv": [0, 7, 2.998, 9.998], "texture": "#3"},
				"east": {"uv": [0, 7, 2.999, 9.999], "texture": "#3"},
				"south": {"uv": [0, 7, 2.999, 9.998], "texture": "#3"},
				"west": {"uv": [7, 7, 9.999, 9.999], "texture": "#3"},
				"up": {"uv": [7, 7, 9.998, 9.998], "texture": "#3"},
				"down": {"uv": [2, 2, 8, 8], "texture": "#1"}
			}
		},
		{
			"from": [6, 10.5, -5.2],
			"to": [10.1, 15, -1],
			"rotation": {"angle": -22.5, "axis": "x", "origin": [17, 20, -10]},
			"faces": {
				"north": {"uv": [0, 7, 2.999, 9.999], "texture": "#3"},
				"east": {"uv": [0, 7, 2.998, 9.996], "texture": "#3"},
				"south": {"uv": [7, 7, 9.999, 9.999], "texture": "#3"},
				"west": {"uv": [0, 7, 2.997, 9.996], "texture": "#3"},
				"up": {"uv": [7, 7, 9.998, 9.998], "rotation": 270, "texture": "#3"},
				"down": {"uv": [2, 2, 8, 8], "rotation": 90, "texture": "#1"}
			}
		},
		{
			"from": [5.9, 10.5, 18],
			"to": [10, 15, 22.2],
			"rotation": {"angle": 22.5, "axis": "x", "origin": [-1, 20, 27]},
			"faces": {
				"north": {"uv": [7, 7, 9.999, 9.999], "texture": "#3"},
				"east": {"uv": [0, 7, 2.998, 9.998], "texture": "#3"},
				"south": {"uv": [0, 7, 2.999, 9.999], "texture": "#3"},
				"west": {"uv": [0, 7, 2.999, 9.998], "texture": "#3"},
				"up": {"uv": [7, 7, 9.998, 9.998], "rotation": 90, "texture": "#3"},
				"down": {"uv": [2, 2, 8, 8], "rotation": 270, "texture": "#1"}
			}
		},
		{
			"from": [17, 11.5, 6],
			"to": [21.2, 16, 10.1],
			"rotation": {"angle": -22.5, "axis": "z", "origin": [26, 21, 17]},
			"faces": {
				"north": {"uv": [0, 7, 2.999, 9.999], "texture": "#3"},
				"east": {"uv": [7, 7, 9.999, 9.999], "texture": "#3"},
				"south": {"uv": [0, 7, 2.999, 9.998], "texture": "#3"},
				"west": {"uv": [0, 7, 2.999, 9.999], "texture": "#3"},
				"up": {"uv": [7, 7, 9.998, 9.998], "texture": "#3"},
				"down": {"uv": [2, 2, 8, 8], "texture": "#1"}
			}
		},
		{
			"from": [24, 20.5, 6],
			"to": [28.2, 23, 10.1],
			"rotation": {"angle": -45, "axis": "z", "origin": [33, 30, 17]},
			"faces": {
				"north": {"uv": [4, 3, 9.999, 7], "texture": "#1"},
				"east": {"uv": [2, 3, 8, 7], "texture": "#1"},
				"south": {"uv": [2, 2, 8, 6], "texture": "#1"},
				"west": {"uv": [2, 4, 8, 8], "texture": "#1"},
				"up": {"uv": [3, 3, 11.999, 9.999], "texture": "#1"},
				"down": {"uv": [2, 2, 8, 8], "texture": "#1"}
			}
		},
		{
			"from": [23.1, 22.5, 4],
			"to": [29.3, 24, 12.1],
			"rotation": {"angle": -45, "axis": "z", "origin": [33, 30, 17]},
			"faces": {
				"north": {"uv": [4, 3, 9.999, 7], "texture": "#1"},
				"east": {"uv": [2, 3, 8, 7], "texture": "#1"},
				"south": {"uv": [2, 2, 8, 6], "texture": "#1"},
				"west": {"uv": [2, 4, 8, 8], "texture": "#1"},
				"up": {"uv": [0, 0, 10.999, 6.998], "texture": "#3"},
				"down": {"uv": [2, 2, 8, 8], "texture": "#1"}
			}
		},
		{
			"from": [21.6, 15.5, 7],
			"to": [23.8, 26, 9.1],
			"rotation": {"angle": -22.5, "axis": "z", "origin": [29, 30, 17]},
			"faces": {
				"north": {"uv": [4, 3, 9.999, 7], "texture": "#1"},
				"east": {"uv": [2, 3, 8, 7], "texture": "#1"},
				"south": {"uv": [2, 2, 8, 6], "texture": "#1"},
				"west": {"uv": [2, 4, 8, 8], "texture": "#1"},
				"up": {"uv": [3, 3, 11.999, 9.999], "texture": "#1"},
				"down": {"uv": [2, 2, 8, 8], "texture": "#1"}
			}
		},
		{
			"from": [6.75, 8.5, -11],
			"to": [8.85, 19, -8.8],
			"rotation": {"angle": -45, "axis": "x", "origin": [16.75, 23, -17]},
			"faces": {
				"north": {"uv": [2, 3, 8, 7], "texture": "#1"},
				"east": {"uv": [2, 2, 8, 6], "texture": "#1"},
				"south": {"uv": [2, 4, 8, 8], "texture": "#1"},
				"west": {"uv": [4, 3, 9.999, 7], "texture": "#1"},
				"up": {"uv": [3, 3, 11.999, 9.999], "rotation": 270, "texture": "#1"},
				"down": {"uv": [2, 2, 8, 8], "rotation": 90, "texture": "#1"}
			}
		},
		{
			"from": [6.9, 9.5, 25],
			"to": [9, 19, 27.2],
			"rotation": {"angle": 45, "axis": "x", "origin": [-1, 23, 32]},
			"faces": {
				"north": {"uv": [2, 4, 8, 8], "texture": "#1"},
				"east": {"uv": [4, 3, 9.999, 7], "texture": "#1"},
				"south": {"uv": [2, 3, 8, 7], "texture": "#1"},
				"west": {"uv": [2, 2, 8, 6], "texture": "#1"},
				"up": {"uv": [3, 3, 11.999, 9.999], "rotation": 90, "texture": "#1"},
				"down": {"uv": [2, 2, 8, 8], "rotation": 270, "texture": "#1"}
			}
		},
		{
			"from": [-1.4, 22.5, 7],
			"to": [0.8, 32, 9.1],
			"rotation": {"angle": -22.5, "axis": "z", "origin": [7, 36, 17]},
			"faces": {
				"north": {"uv": [4, 3, 9.999, 7], "texture": "#1"},
				"east": {"uv": [2, 3, 8, 7], "texture": "#1"},
				"south": {"uv": [2, 2, 8, 6], "texture": "#1"},
				"west": {"uv": [2, 4, 8, 8], "texture": "#1"},
				"up": {"uv": [3, 3, 11.999, 9.999], "texture": "#1"},
				"down": {"uv": [2, 2, 8, 8], "texture": "#1"}
			}
		},
		{
			"from": [-4.8, 16.5, 7],
			"to": [-2.6, 26, 9.1],
			"rotation": {"angle": 22.5, "axis": "z", "origin": [-2, 22, 8]},
			"faces": {
				"north": {"uv": [4, 3, 9.999, 7], "texture": "#1"},
				"east": {"uv": [2, 3, 8, 7], "texture": "#1"},
				"south": {"uv": [2, 2, 8, 6], "texture": "#1"},
				"west": {"uv": [2, 4, 8, 8], "texture": "#1"},
				"up": {"uv": [3, 3, 11.999, 9.999], "texture": "#1"},
				"down": {"uv": [2, 2, 8, 8], "texture": "#1"}
			}
		},
		{
			"from": [6.9, 21.5, -3.3],
			"to": [9, 32, -1.1],
			"rotation": {"angle": 22.5, "axis": "x", "origin": [-1, 43, 4]},
			"faces": {
				"north": {"uv": [2, 4, 8, 8], "texture": "#1"},
				"east": {"uv": [4, 3, 9.999, 7], "texture": "#1"},
				"south": {"uv": [2, 3, 8, 7], "texture": "#1"},
				"west": {"uv": [2, 2, 8, 6], "texture": "#1"},
				"up": {"uv": [3, 3, 11.999, 9.999], "rotation": 90, "texture": "#1"},
				"down": {"uv": [2, 2, 8, 8], "rotation": 270, "texture": "#1"}
			}
		},
		{
			"from": [6.5, 23.5, 2.7],
			"to": [9.6, 27, 8.9],
			"rotation": {"angle": 45, "axis": "x", "origin": [-1, 45, 14]},
			"faces": {
				"north": {"uv": [0, 6, 1, 7.999], "texture": "#1"},
				"east": {"uv": [8, 12, 13.999, 16], "texture": "#3"},
				"south": {"uv": [0, 3, 1, 7], "texture": "#1"},
				"west": {"uv": [9, 12, 15, 16], "texture": "#3"},
				"up": {"uv": [9, 12, 14.998, 15.998], "rotation": 90, "texture": "#3"},
				"down": {"uv": [9, 12, 14.998, 15.998], "rotation": 270, "texture": "#3"}
			}
		},
		{
			"from": [7.5, 25.5, 7.7],
			"to": [8.5, 26.5, 12.9],
			"rotation": {"angle": 45, "axis": "x", "origin": [-1, 45, 13]},
			"faces": {
				"north": {"uv": [2, 4, 8, 8], "texture": "#1"},
				"east": {"uv": [4, 3, 9.999, 7], "texture": "#1"},
				"south": {"uv": [2, 3, 8, 7], "texture": "#1"},
				"west": {"uv": [2, 2, 8, 6], "texture": "#1"},
				"up": {"uv": [3, 3, 11.999, 9.999], "rotation": 90, "texture": "#1"},
				"down": {"uv": [2, 2, 8, 8], "rotation": 270, "texture": "#1"}
			}
		},
		{
			"from": [7, 21.5, 18.1],
			"to": [9.1, 30, 20.3],
			"rotation": {"angle": -22.5, "axis": "x", "origin": [17, 38, 13]},
			"faces": {
				"north": {"uv": [2, 3, 8, 7], "texture": "#1"},
				"east": {"uv": [2, 2, 8, 6], "texture": "#1"},
				"south": {"uv": [2, 4, 8, 8], "texture": "#1"},
				"west": {"uv": [4, 3, 9.999, 7], "texture": "#1"},
				"up": {"uv": [3, 3, 11.999, 9.999], "rotation": 270, "texture": "#1"},
				"down": {"uv": [2, 2, 8, 8], "rotation": 90, "texture": "#1"}
			}
		},
		{
			"from": [5.5, 25.5, 14.1],
			"to": [10.6, 31, 15.3],
			"rotation": {"angle": -22.5, "axis": "x", "origin": [17, 39, 9]},
			"faces": {
				"north": {"uv": [3, 7, 6.998, 10.998], "texture": "#3"},
				"east": {"uv": [2, 2, 8, 6], "texture": "#1"},
				"south": {"uv": [2, 4, 8, 8], "texture": "#1"},
				"west": {"uv": [4, 3, 9.999, 7], "texture": "#1"},
				"up": {"uv": [3, 3, 11.999, 9.999], "rotation": 270, "texture": "#1"},
				"down": {"uv": [2, 2, 8, 8], "rotation": 90, "texture": "#1"}
			}
		},
		{
			"from": [6.5, 28.5, 14.1],
			"to": [9.6, 32, 20.3],
			"rotation": {"angle": -22.5, "axis": "x", "origin": [17, 43, 14]},
			"faces": {
				"north": {"uv": [2, 3, 8, 7], "texture": "#1"},
				"east": {"uv": [2, 2, 8, 6], "texture": "#1"},
				"south": {"uv": [2, 4, 8, 8], "texture": "#1"},
				"west": {"uv": [4, 3, 9.999, 7], "texture": "#1"},
				"up": {"uv": [3, 3, 11.999, 9.999], "rotation": 270, "texture": "#1"},
				"down": {"uv": [2, 2, 8, 8], "rotation": 90, "texture": "#1"}
			}
		},
		{
			"from": [-6.5, 24, 6.5],
			"to": [-3.3, 27, 9.6],
			"rotation": {"angle": 0, "axis": "y", "origin": [-1, 47, 17]},
			"faces": {
				"north": {"uv": [0, 7, 2.997, 9.995], "texture": "#3"},
				"east": {"uv": [7, 7, 9.999, 9.999], "texture": "#3"},
				"south": {"uv": [0, 7, 2.999, 9.999], "texture": "#3"},
				"west": {"uv": [7, 7, 9.999, 9.999], "texture": "#3"},
				"up": {"uv": [7, 7, 9.998, 9.997], "texture": "#3"},
				"down": {"uv": [2, 2, 8, 8], "texture": "#1"}
			}
		},
		{
			"from": [6.4, 24, -11],
			"to": [9.5, 27, -7.8],
			"rotation": {"angle": 0, "axis": "y", "origin": [-1, 41, -5]},
			"faces": {
				"north": {"uv": [7, 7, 9.999, 9.999], "texture": "#3"},
				"east": {"uv": [0, 7, 2.999, 9.998], "texture": "#3"},
				"south": {"uv": [7, 7, 9.999, 9.999], "texture": "#3"},
				"west": {"uv": [0, 7, 2.999, 9.999], "texture": "#3"},
				"up": {"uv": [7, 7, 9.998, 9.998], "rotation": 90, "texture": "#3"},
				"down": {"uv": [2, 2, 8, 8], "rotation": 270, "texture": "#1"}
			}
		},
		{
			"from": [6.5, 23.5, 23.1],
			"to": [9.6, 26.5, 26.3],
			"rotation": {"angle": 0, "axis": "y", "origin": [17, 39, 19]},
			"faces": {
				"north": {"uv": [7, 7, 9.999, 9.999], "texture": "#3"},
				"east": {"uv": [0, 7, 2.999, 9.999], "texture": "#3"},
				"south": {"uv": [7, 7, 9.999, 9.999], "texture": "#3"},
				"west": {"uv": [0, 7, 2.999, 9.998], "texture": "#3"},
				"up": {"uv": [7, 7, 9.998, 9.998], "rotation": 270, "texture": "#3"},
				"down": {"uv": [2, 2, 8, 8], "rotation": 90, "texture": "#1"}
			}
		},
		{
			"from": [-14.6, 28, 6.7],
			"to": [-11.5, 30, 9.9],
			"rotation": {"angle": 22.5, "axis": "z", "origin": [-22, 62, 16]},
			"faces": {
				"north": {"uv": [2, 4, 8, 8], "texture": "#1"},
				"east": {"uv": [4, 3, 9.999, 7], "texture": "#1"},
				"south": {"uv": [2, 3, 8, 7], "texture": "#1"},
				"west": {"uv": [2, 2, 8, 6], "texture": "#1"},
				"up": {"uv": [3, 3, 11.999, 9.999], "rotation": 90, "texture": "#1"},
				"down": {"uv": [2, 2, 8, 8], "rotation": 270, "texture": "#1"}
			}
		},
		{
			"from": [-12.6, 28, 4.7],
			"to": [-11.5, 32, 11.9],
			"rotation": {"angle": 22.5, "axis": "z", "origin": [-20, 63, 16]},
			"faces": {
				"north": {"uv": [2, 4, 8, 8], "texture": "#1"},
				"east": {"uv": [3, 3, 7.996, 5.999], "texture": "#3"},
				"south": {"uv": [2, 3, 8, 7], "texture": "#1"},
				"west": {"uv": [2, 2, 8, 6], "texture": "#1"},
				"up": {"uv": [3, 3, 11.999, 9.999], "rotation": 90, "texture": "#1"},
				"down": {"uv": [2, 2, 8, 8], "rotation": 270, "texture": "#1"}
			}
		},
		{
			"from": [5, 14, -14.8],
			"to": [6, 19, 11.2],
			"rotation": {"angle": 45, "axis": "y", "origin": [19, 22, 0]},
			"faces": {
				"north": {"uv": [0, 0, 1, 4], "texture": "#1"},
				"east": {"uv": [1, 2, 12, 6], "texture": "#4"},
				"south": {"uv": [0, 0, 1, 4], "texture": "#1"},
				"west": {"uv": [2, 2, 13, 6], "texture": "#1"},
				"up": {"uv": [0, 0, 11, 1], "rotation": 270, "texture": "#1"},
				"down": {"uv": [0, 0, 11, 1], "rotation": 90, "texture": "#1"}
			}
		},
		{
			"from": [-15, 14, 11],
			"to": [11, 19, 12],
			"rotation": {"angle": 45, "axis": "y", "origin": [-1, 22, -2]},
			"faces": {
				"north": {"uv": [1, 2, 12, 6], "texture": "#4"},
				"east": {"uv": [0, 0, 1, 4], "texture": "#1"},
				"south": {"uv": [2, 2, 13, 6], "texture": "#1"},
				"west": {"uv": [0, 0, 1, 4], "texture": "#1"},
				"up": {"uv": [0, 0, 11, 1], "rotation": 180, "texture": "#1"},
				"down": {"uv": [0, 0, 11, 1], "rotation": 180, "texture": "#1"}
			}
		},
		{
			"from": [6, 15, 25],
			"to": [28.2, 18, 32],
			"rotation": {"angle": -45, "axis": "y", "origin": [37, 22, 7]},
			"faces": {
				"north": {"uv": [0, 0, 1, 4], "texture": "#1"},
				"east": {"uv": [1, 3, 12, 7], "texture": "#1"},
				"south": {"uv": [12, 7, 13, 10.999], "texture": "#1"},
				"west": {"uv": [2, 3, 13, 7], "texture": "#1"},
				"up": {"uv": [0, 0, 11, 1], "rotation": 270, "texture": "#1"},
				"down": {"uv": [0, 0, 11, 1], "rotation": 90, "texture": "#1"}
			}
		},
		{
			"from": [-16, 15, -5],
			"to": [6.2, 18, 2],
			"rotation": {"angle": 45, "axis": "y", "origin": [13, 19, -12]},
			"faces": {
				"north": {"uv": [0, 0, 1, 4], "texture": "#1"},
				"east": {"uv": [1, 3, 12, 7], "texture": "#1"},
				"south": {"uv": [12, 7, 13, 10.999], "texture": "#1"},
				"west": {"uv": [2, 3, 13, 7], "texture": "#1"},
				"up": {"uv": [0, 0, 11, 1], "rotation": 270, "texture": "#1"},
				"down": {"uv": [0, 0, 11, 1], "rotation": 90, "texture": "#1"}
			}
		}
	],
	"display": {
		"thirdperson_righthand": {
			"translation": [0, 1.25, 0.5],
			"scale": [0.3, 0.3, 0.3]
		},
		"thirdperson_lefthand": {
			"translation": [0, 1, 0],
			"scale": [0.3, 0.3, 0.3]
		},
		"firstperson_righthand": {
			"rotation": [-15, 19, 0],
			"translation": [0, 0.75, 0],
			"scale": [0.3, 0.3, 0.3]
		},
		"firstperson_lefthand": {
			"rotation": [0, 26, 0],
			"translation": [-0.25, 1.75, 0.25],
			"scale": [0.3, 0.3, 0.3]
		},
		"ground": {
			"translation": [0, 2.75, 0],
			"scale": [0.3, 0.3, 0.3]
		},
		"gui": {
			"rotation": [22, -51, 0],
			"translation": [0, -4, 0],
			"scale": [0.4, 0.4, 0.4]
		},
		"head": {
			"translation": [0, 10.25, 0],
			"scale": [0.5, 0.5, 0.5]
		},
		"fixed": {
			"rotation": [0, -90, 0],
			"translation": [0, 0, -2.5],
			"scale": [0.3, 0.3, 0.3]
		}
	},
	"groups": [
		{
			"name": "bone",
			"origin": [-8, 0, -8],
			"children": [0, 1, 2, 3, 4, 5, 6, 7, 8, 9, 10, 11, 12, 13, 14, 15, 16, 17, 18, 19, 20, 21, 22, 23, 24, 25, 26, 27, 28, 29]
		}
	]
}