{
	"credit": "Made with Blockbench",
	"textures": {
		"3": "Pickaxe/iron_block",
		"4": "Pickaxe/emerald_block",
		"5": "Pickaxe/pickaxe",
		"6": "block/dark_oak_log",
		"particle": "block/dark_oak_log"
	},
	"elements": [
		{
			"from": [8, 7.22212, 11.78334],
			"to": [9, 8.22212, 12.88334],
			"rotation": {"angle": -22.5, "axis": "x", "origin": [8, 7, 8]},
			"faces": {
				"north": {"uv": [0, 0, 1, 1], "texture": "#4"},
				"east": {"uv": [0, 0, 1.1, 1], "texture": "#4"},
				"south": {"uv": [0, 0, 1, 1], "texture": "#4"},
				"west": {"uv": [0, 0, 1.1, 1], "texture": "#4"},
				"up": {"uv": [0, 0, 1.1, 1], "rotation": 270, "texture": "#4"},
				"down": {"uv": [0, 0, 1.1, 1], "rotation": 90, "texture": "#4"}
			}
		},
		{
			"from": [8, 10.85198, 10.10116],
			"to": [9, 11.85198, 11.20116],
			"rotation": {"angle": 22.5, "axis": "x", "origin": [8, 9, 8]},
			"faces": {
				"north": {"uv": [0, 0, 1, 1], "texture": "#4"},
				"east": {"uv": [0, 0, 1.1, 1], "texture": "#4"},
				"south": {"uv": [0, 0, 1, 1], "texture": "#4"},
				"west": {"uv": [0, 0, 1.1, 1], "texture": "#4"},
				"up": {"uv": [0, 0, 1.1, 1], "rotation": 270, "texture": "#4"},
				"down": {"uv": [0, 0, 1.1, 1], "rotation": 90, "texture": "#4"}
			}
		},
		{
			"from": [8, 10.8729, 8.097],
			"to": [9, 11.8729, 9.197],
			"rotation": {"angle": 22.5, "axis": "x", "origin": [7, 8, 9]},
			"faces": {
				"north": {"uv": [0, 0, 1, 1], "texture": "#missing"},
				"east": {"uv": [0, 0, 1.1, 1], "texture": "#4"},
				"south": {"uv": [0, 0, 1, 1], "texture": "#4"},
				"west": {"uv": [0, 0, 1.1, 1], "texture": "#4"},
				"up": {"uv": [0, 0, 1.1, 1], "rotation": 270, "texture": "#4"},
				"down": {"uv": [0, 0, 1.1, 1], "rotation": 90, "texture": "#4"}
			}
		},
		{
			"from": [8, 11.16273, 8.63609],
			"to": [9, 12.16273, 10.73609],
			"rotation": {"angle": 22.5, "axis": "x", "origin": [8, 9, 8]},
			"faces": {
				"north": {"uv": [0, 0, 1, 1], "texture": "#4"},
				"east": {"uv": [0, 0, 2.1, 1], "texture": "#4"},
				"south": {"uv": [0, 0, 1, 1], "texture": "#4"},
				"west": {"uv": [0, 0, 2.1, 1], "texture": "#4"},
				"up": {"uv": [0, 0, 1.1, 1], "rotation": 270, "texture": "#4"},
				"down": {"uv": [0, 0, 2.1, 1], "rotation": 90, "texture": "#4"}
			}
		},
		{
			"from": [8, 13.14805, 7.22836],
			"to": [9, 14.14805, 8.22836],
			"rotation": {"angle": -22.5, "axis": "x", "origin": [8, 6.5, 8]},
			"faces": {
				"north": {"uv": [0, 0, 1, 1], "texture": "#4"},
				"east": {"uv": [0, 0, 1, 1], "texture": "#4"},
				"south": {"uv": [0, 0, 1, 1], "texture": "#4"},
				"west": {"uv": [0, 0, 1, 1], "texture": "#4"},
				"up": {"uv": [0, 0, 1, 1], "texture": "#4"},
				"down": {"uv": [0, 0, 1, 1], "texture": "#4"}
			}
		},
		{
			"from": [8, 14.07193, 5.61104],
			"to": [9, 15.07193, 6.61104],
			"rotation": {"angle": 22.5, "axis": "x", "origin": [8, 6, 7]},
			"faces": {
				"north": {"uv": [0, 0, 1, 1], "texture": "#4"},
				"east": {"uv": [0, 0, 1, 1], "texture": "#4"},
				"south": {"uv": [0, 0, 1, 1], "texture": "#4"},
				"west": {"uv": [0, 0, 1, 1], "texture": "#4"},
				"up": {"uv": [0, 0, 1, 1], "texture": "#4"},
				"down": {"uv": [0, 0, 1, 1], "texture": "#4"}
			}
		},
		{
			"from": [8, 11.10332, 5.85614],
			"to": [9, 12.10332, 6.85614],
			"rotation": {"angle": 22.5, "axis": "x", "origin": [8, 5.7, 8.3]},
			"faces": {
				"north": {"uv": [0, 0, 1, 1], "texture": "#4"},
				"east": {"uv": [0, 0, 1, 1], "texture": "#4"},
				"south": {"uv": [0, 0, 1, 1], "texture": "#4"},
				"west": {"uv": [0, 0, 1, 1], "texture": "#4"},
				"up": {"uv": [0, 0, 1, 1], "texture": "#4"},
				"down": {"uv": [0, 0, 1, 1], "texture": "#missing"}
			}
		},
		{
			"from": [8, 11.10332, 5.85614],
			"to": [9, 12.10332, 6.85614],
			"rotation": {"angle": 22.5, "axis": "x", "origin": [8, 5.7, 8.3]},
			"faces": {
				"north": {"uv": [0, 0, 1, 1], "texture": "#4"},
				"east": {"uv": [0, 0, 1, 1], "texture": "#4"},
				"south": {"uv": [0, 0, 1, 1], "texture": "#4"},
				"west": {"uv": [0, 0, 1, 1], "texture": "#4"},
				"up": {"uv": [0, 0, 1, 1], "texture": "#4"},
				"down": {"uv": [0, 0, 1, 1], "texture": "#missing"}
			}
		},
		{
			"from": [8, 12.95108, 5.09077],
			"to": [9, 13.95108, 6.09077],
			"rotation": {"angle": 22.5, "axis": "x", "origin": [8, 3.7, 8.3]},
			"faces": {
				"north": {"uv": [0, 0, 1, 1], "texture": "#4"},
				"east": {"uv": [0, 0, 1, 1], "texture": "#4"},
				"south": {"uv": [0, 0, 1, 1], "texture": "#4"},
				"west": {"uv": [0, 0, 1, 1], "texture": "#4"},
				"up": {"uv": [0, 0, 1, 1], "texture": "#4"},
				"down": {"uv": [0, 0, 1, 1], "texture": "#4"}
			}
		},
		{
			"from": [8, 12.15851, 7.23044],
			"to": [9, 13.15851, 8.23044],
			"rotation": {"angle": -22.5, "axis": "x", "origin": [8, 7, 7]},
			"faces": {
				"north": {"uv": [0, 0, 1, 1], "texture": "#4"},
				"east": {"uv": [0, 0, 1, 1], "texture": "#4"},
				"south": {"uv": [0, 0, 1, 1], "texture": "#4"},
				"west": {"uv": [0, 0, 1, 1], "texture": "#4"},
				"up": {"uv": [0, 0, 1, 1], "texture": "#4"},
				"down": {"uv": [0, 0, 1, 1], "texture": "#4"}
			}
		},
		{
			"from": [8, 11.55166, 1.91761],
			"to": [9, 12.55166, 2.91761],
			"rotation": {"angle": 22.5, "axis": "x", "origin": [7, 7, 8]},
			"faces": {
				"north": {"uv": [0, 0, 1, 1], "texture": "#4"},
				"east": {"uv": [0, 0, 1, 1], "texture": "#4"},
				"south": {"uv": [0, 0, 1, 1], "texture": "#4"},
				"west": {"uv": [0, 0, 1, 1], "texture": "#4"},
				"up": {"uv": [0, 0, 1, 1], "texture": "#4"},
				"down": {"uv": [0, 0, 1, 1], "texture": "#4"}
			}
		},
		{
			"from": [8, 11.61732, 9.92388],
			"to": [9, 12.61732, 10.92388],
			"rotation": {"angle": -22.5, "axis": "x", "origin": [8, 9, 8]},
			"faces": {
				"north": {"uv": [0, 0, 1, 1], "texture": "#4"},
				"east": {"uv": [0, 0, 1, 1], "texture": "#4"},
				"south": {"uv": [0, 0, 1, 1], "texture": "#4"},
				"west": {"uv": [0, 0, 1, 1], "texture": "#4"},
				"up": {"uv": [0, 0, 1, 1], "texture": "#4"},
				"down": {"uv": [0, 0, 1, 1], "texture": "#4"}
			}
		},
		{
			"from": [8, 11.61732, 9.92388],
			"to": [9, 12.61732, 10.92388],
			"rotation": {"angle": -22.5, "axis": "x", "origin": [8, 9, 8]},
			"faces": {
				"north": {"uv": [0, 0, 1, 1], "texture": "#4"},
				"east": {"uv": [0, 0, 1, 1], "texture": "#4"},
				"south": {"uv": [0, 0, 1, 1], "texture": "#4"},
				"west": {"uv": [0, 0, 1, 1], "texture": "#4"},
				"up": {"uv": [0, 0, 1, 1], "texture": "#4"},
				"down": {"uv": [0, 0, 1, 1], "texture": "#4"}
			}
		},
		{
			"from": [8, 13.46508, 10.68925],
			"to": [9, 14.46508, 11.68925],
			"rotation": {"angle": -22.5, "axis": "x", "origin": [8, 10, 8]},
			"faces": {
				"north": {"uv": [0, 0, 1, 1], "texture": "#4"},
				"east": {"uv": [0, 0, 1, 1], "texture": "#4"},
				"south": {"uv": [0, 0, 1, 1], "texture": "#4"},
				"west": {"uv": [0, 0, 1, 1], "texture": "#4"},
				"up": {"uv": [0, 0, 1, 1], "texture": "#4"},
				"down": {"uv": [0, 0, 1, 1], "texture": "#4"}
			}
		},
		{
			"from": [7.5, 12, 6],
			"to": [9.6, 14.1, 8],
			"faces": {
				"north": {"uv": [0, 0, 2.1, 2.1], "texture": "#5"},
				"east": {"uv": [0, 0, 2, 2.1], "texture": "#5"},
				"south": {"uv": [0, 0, 2.1, 2.1], "texture": "#5"},
				"west": {"uv": [0, 0, 2, 2.1], "texture": "#5"},
				"up": {"uv": [0, 0, 2.1, 2], "texture": "#5"},
				"down": {"uv": [0, 0, 2.1, 2], "texture": "#5"}
			}
		},
		{
			"from": [8, 14, 4],
			"to": [9, 15, 5],
			"faces": {
				"north": {"uv": [0, 0, 1, 1], "texture": "#4"},
				"east": {"uv": [0, 0, 1, 1], "texture": "#4"},
				"south": {"uv": [0, 0, 1, 1], "texture": "#4"},
				"west": {"uv": [0, 0, 1, 1], "texture": "#4"},
				"up": {"uv": [0, 0, 1, 1], "texture": "#4"},
				"down": {"uv": [0, 0, 1, 1], "texture": "#4"}
			}
		},
		{
			"from": [8, 12.92807, 1.61104],
			"to": [9, 13.92807, 2.61104],
			"rotation": {"angle": 22.5, "axis": "x", "origin": [7, 7, 8]},
			"faces": {
				"north": {"uv": [0, 0, 1, 1], "texture": "#4"},
				"east": {"uv": [0, 0, 1, 1], "texture": "#4"},
				"south": {"uv": [0, 0, 1, 1], "texture": "#4"},
				"west": {"uv": [0, 0, 1, 1], "texture": "#4"},
				"up": {"uv": [0, 0, 1, 1], "texture": "#4"},
				"down": {"uv": [0, 0, 1, 1], "texture": "#4"}
			}
		},
		{
			"from": [8, 15, 5],
			"to": [9, 16, 6],
			"faces": {
				"north": {"uv": [0, 0, 1, 1], "texture": "#4"},
				"east": {"uv": [0, 0, 1, 1], "texture": "#4"},
				"south": {"uv": [0, 0, 1, 1], "texture": "#4"},
				"west": {"uv": [0, 0, 1, 1], "texture": "#4"},
				"up": {"uv": [0, 0, 1, 1], "texture": "#4"},
				"down": {"uv": [0, 0, 1, 1], "texture": "#4"}
			}
		},
		{
			"from": [8, 15, 8.6],
			"to": [9, 16, 9.6],
			"faces": {
				"north": {"uv": [0, 0, 1, 1], "texture": "#4"},
				"east": {"uv": [0, 0, 1, 1], "texture": "#4"},
				"south": {"uv": [0, 0, 1, 1], "texture": "#4"},
				"west": {"uv": [0, 0, 1, 1], "texture": "#4"},
				"up": {"uv": [0, 0, 1, 1], "texture": "#4"},
				"down": {"uv": [0, 0, 1, 1], "texture": "#4"}
			}
		},
		{
			"from": [8, 14.77583, 4.84568],
			"to": [9, 15.77583, 5.84568],
			"rotation": {"angle": 22.5, "axis": "x", "origin": [8, 7, 7]},
			"faces": {
				"north": {"uv": [0, 0, 1, 1], "texture": "#4"},
				"east": {"uv": [0, 0, 1, 1], "texture": "#4"},
				"south": {"uv": [0, 0, 1, 1], "texture": "#4"},
				"west": {"uv": [0, 0, 1, 1], "texture": "#4"},
				"up": {"uv": [0, 0, 1, 1], "texture": "#4"},
				"down": {"uv": [0, 0, 1, 1], "texture": "#4"}
			}
		},
		{
			"from": [8, 12.73063, 1.10704],
			"to": [9, 13.73063, 3.10704],
			"rotation": {"angle": 45, "axis": "x", "origin": [8, 9, 6]},
			"faces": {
				"north": {"uv": [0, 0, 1, 1], "texture": "#4"},
				"east": {"uv": [0, 0, 2, 1], "texture": "#4"},
				"south": {"uv": [0, 0, 1, 1], "texture": "#4"},
				"west": {"uv": [0, 0, 2, 1], "texture": "#4"},
				"up": {"uv": [0, 0, 1, 2], "texture": "#4"},
				"down": {"uv": [0, 0, 1, 2], "texture": "#4"}
			}
		},
		{
			"from": [8, 12.02352, 12.60007],
			"to": [9, 13.02352, 14.60007],
			"rotation": {"angle": -45, "axis": "x", "origin": [8, 7, 8]},
			"faces": {
				"north": {"uv": [0, 0, 1, 1], "texture": "#missing"},
				"east": {"uv": [0, 0, 2, 1], "texture": "#4"},
				"south": {"uv": [0, 0, 1, 1], "texture": "#4"},
				"west": {"uv": [0, 0, 2, 1], "texture": "#4"},
				"up": {"uv": [0, 0, 1, 2], "texture": "#4"},
				"down": {"uv": [0, 0, 1, 2], "texture": "#4"}
			}
		},
		{
			"from": [8, 11, 4.8],
			"to": [9, 12, 9.8],
			"faces": {
				"north": {"uv": [0, 0, 1, 1], "texture": "#4"},
				"east": {"uv": [0, 0, 1, 1], "texture": "#4"},
				"south": {"uv": [0, 0, 1, 1], "texture": "#4"},
				"west": {"uv": [0, 0, 5, 1], "texture": "#4"},
				"up": {"uv": [0, 0, 5, 1], "rotation": 90, "texture": "#4"},
				"down": {"uv": [0, 0, 5, 1], "rotation": 270, "texture": "#4"}
			}
		},
		{
			"from": [8, 11.25559, 5.87912],
			"to": [9, 12.25559, 6.97912],
			"rotation": {"angle": -22.5, "axis": "x", "origin": [9, 7, 7]},
			"faces": {
				"north": {"uv": [0, 0, 1, 1], "texture": "#4"},
				"east": {"uv": [0, 0, 1.1, 1], "texture": "#4"},
				"south": {"uv": [0, 0, 1, 1], "texture": "#4"},
				"west": {"uv": [0, 0, 1.1, 1], "texture": "#4"},
				"up": {"uv": [0, 0, 1.1, 1], "rotation": 90, "texture": "#4"},
				"down": {"uv": [0, 0, 1.1, 1], "rotation": 270, "texture": "#4"}
			}
		},
		{
			"from": [8, 11.54542, 4.34003],
			"to": [9, 12.54542, 6.44003],
			"rotation": {"angle": -22.5, "axis": "x", "origin": [8, 8, 8]},
			"faces": {
				"north": {"uv": [0, 0, 1, 1], "texture": "#4"},
				"east": {"uv": [0, 0, 2.1, 1], "texture": "#4"},
				"south": {"uv": [0, 0, 1, 1], "texture": "#4"},
				"west": {"uv": [0, 0, 2.1, 1], "texture": "#4"},
				"up": {"uv": [0, 0, 2.1, 1], "rotation": 90, "texture": "#4"},
				"down": {"uv": [0, 0, 2.1, 1], "rotation": 270, "texture": "#4"}
			}
		},
		{
			"from": [8, 11.23466, 3.87496],
			"to": [9, 12.23466, 4.97496],
			"rotation": {"angle": -22.5, "axis": "x", "origin": [8, 8, 8]},
			"faces": {
				"north": {"uv": [0, 0, 1, 1], "texture": "#4"},
				"east": {"uv": [0, 0, 1.1, 1], "texture": "#4"},
				"south": {"uv": [0, 0, 1, 1], "texture": "#4"},
				"west": {"uv": [0, 0, 1.1, 1], "texture": "#4"},
				"up": {"uv": [0, 0, 1.1, 1], "rotation": 90, "texture": "#4"},
				"down": {"uv": [0, 0, 1.1, 1], "rotation": 270, "texture": "#4"}
			}
		},
		{
			"from": [8, 6.83943, 2.19278],
			"to": [9, 7.83943, 3.29278],
			"rotation": {"angle": 22.5, "axis": "x", "origin": [8, 8, 8]},
			"faces": {
				"north": {"uv": [0, 0, 1, 1], "texture": "#4"},
				"east": {"uv": [0, 0, 1.1, 1], "texture": "#4"},
				"south": {"uv": [0, 0, 1, 1], "texture": "#4"},
				"west": {"uv": [0, 0, 1.1, 1], "texture": "#4"},
				"up": {"uv": [0, 0, 1.1, 1], "rotation": 90, "texture": "#missing"},
				"down": {"uv": [0, 0, 1.1, 1], "rotation": 270, "texture": "#4"}
			}
		},
		{
			"from": [8, 11.54542, 4.34003],
			"to": [9, 12.54542, 6.44003],
			"rotation": {"angle": -22.5, "axis": "x", "origin": [8, 8, 8]},
			"faces": {
				"north": {"uv": [0, 0, 1, 1], "texture": "#4"},
				"east": {"uv": [0, 0, 2.1, 1], "texture": "#4"},
				"south": {"uv": [0, 0, 1, 1], "texture": "#4"},
				"west": {"uv": [0, 0, 2.1, 1], "texture": "#4"},
				"up": {"uv": [0, 0, 2.1, 1], "rotation": 90, "texture": "#4"},
				"down": {"uv": [0, 0, 2.1, 1], "rotation": 270, "texture": "#4"}
			}
		},
		{
			"from": [8, 11, 4.8],
			"to": [9, 12, 9.8],
			"faces": {
				"north": {"uv": [0, 0, 1, 1], "texture": "#4"},
				"east": {"uv": [0, 0, 1, 1], "texture": "#4"},
				"south": {"uv": [0, 0, 1, 1], "texture": "#4"},
				"west": {"uv": [0, 0, 5, 1], "texture": "#4"},
				"up": {"uv": [0, 0, 5, 1], "rotation": 90, "texture": "#4"},
				"down": {"uv": [0, 0, 5, 1], "rotation": 270, "texture": "#4"}
			}
		},
		{
			"from": [8, 1, 6.6],
			"to": [9, 11, 7.6],
			"faces": {
				"north": {"uv": [0, 0, 3, 10], "texture": "#6"},
				"east": {"uv": [0, 0, 3, 10], "texture": "#6"},
				"south": {"uv": [0, 0, 3, 10], "texture": "#6"},
				"west": {"uv": [0, 0, 3, 10], "texture": "#6"},
				"up": {"uv": [0, 0, 1, 1], "rotation": 90, "texture": "#missing"},
				"down": {"uv": [0, 0, 1, 1], "rotation": 270, "texture": "#missing"}
			}
		},
		{
			"from": [5.88126, 1.08034, 7],
			"to": [6.88126, 2.08034, 8],
			"rotation": {"angle": 22.5, "axis": "z", "origin": [9, 8, 8]},
			"faces": {
				"north": {"uv": [0, 0, 1, 1], "texture": "#3"},
				"east": {"uv": [0, 0, 1, 1], "texture": "#3"},
				"south": {"uv": [0, 0, 1, 1], "texture": "#3"},
				"west": {"uv": [0, 0, 1, 1], "texture": "#3"},
				"up": {"uv": [0, 0, 1, 1], "rotation": 90, "texture": "#3"},
				"down": {"uv": [0, 0, 1, 1], "rotation": 270, "texture": "#3"}
			}
		},
		{
			"from": [10.8883, 1.37017, 6],
			"to": [11.8883, 2.37017, 7],
			"rotation": {"angle": -22.5, "axis": "z", "origin": [8, 8, 8]},
			"faces": {
				"north": {"uv": [0, 0, 1, 1], "texture": "#3"},
				"east": {"uv": [0, 0, 1, 1], "texture": "#3"},
				"south": {"uv": [0, 0, 1, 1], "texture": "#3"},
				"west": {"uv": [0, 0, 1, 1], "texture": "#3"},
				"up": {"uv": [0, 0, 1, 1], "rotation": 90, "texture": "#3"},
				"down": {"uv": [0, 0, 1, 1], "rotation": 270, "texture": "#missing"}
			}
		},
		{
			"from": [4.46299, 1.13343, 6.92388],
			"to": [5.46299, 2.13343, 7.92388],
			"rotation": {"angle": 22.5, "axis": "z", "origin": [8, 8, 8]},
			"faces": {
				"north": {"uv": [0, 0, 1, 1], "rotation": 90, "texture": "#3"},
				"east": {"uv": [0, 0, 1, 1], "rotation": 270, "texture": "#3"},
				"south": {"uv": [0, 0, 1, 1], "rotation": 90, "texture": "#3"},
				"west": {"uv": [0, 0, 1, 1], "rotation": 90, "texture": "#3"},
				"up": {"uv": [0, 0, 1, 1], "rotation": 180, "texture": "#3"},
				"down": {"uv": [0, 0, 1, 1], "texture": "#missing"}
			}
		},
		{
			"from": [8, 0.82683, 5],
			"to": [9, 1.82683, 6],
			"rotation": {"angle": -22.5, "axis": "x", "origin": [8, 7, 8]},
			"faces": {
				"north": {"uv": [0, 0, 1, 1], "rotation": 180, "texture": "#missing"},
				"east": {"uv": [0, 0, 1, 1], "rotation": 180, "texture": "#3"},
				"south": {"uv": [0, 0, 1, 1], "rotation": 180, "texture": "#3"},
				"west": {"uv": [0, 0, 1, 1], "rotation": 180, "texture": "#3"},
				"up": {"uv": [0, 0, 1, 1], "rotation": 270, "texture": "#3"},
				"down": {"uv": [0, 0, 1, 1], "rotation": 90, "texture": "#missing"}
			}
		},
		{
			"from": [7, 0, 5.6],
			"to": [10, 1, 8.6],
			"rotation": {"angle": 0, "axis": "y", "origin": [8, 7, 8]},
			"faces": {
				"north": {"uv": [0, 0, 4, 2], "texture": "#3"},
				"east": {"uv": [0, 0, 3, 1], "texture": "#3"},
				"south": {"uv": [0, 0, 4, 2], "texture": "#3"},
				"west": {"uv": [0, 0, 4, 2], "texture": "#3"},
				"up": {"uv": [0, 0, 5, 3], "rotation": 90, "texture": "#3"},
				"down": {"uv": [0, 0, 3, 3], "rotation": 270, "texture": "#3"}
			}
		}
	],
	"display": {
		"thirdperson_righthand": {
			"rotation": [18, 0, 1],
			"translation": [0, 4.25, 3.25]
		},
		"thirdperson_lefthand": {
			"translation": [0, 3.5, 1.75]
		},
		"firstperson_righthand": {
			"translation": [0, 4, 0]
		},
		"firstperson_lefthand": {
			"translation": [0, 4.25, 0]
		},
		"ground": {
			"translation": [0, 4.5, 0]
		},
		"gui": {
			"rotation": [0, -90, 0]
		},
		"head": {
			"translation": [0, 14, 0]
		},
		"fixed": {
			"rotation": [0, -92, 0],
			"translation": [0, 0, -0.75]
		}
	}
}