{
	"credit": "Made with Blockbench",
	"parent": "rocketitemtier1",
	"texture_size": [64, 64],
	"textures": {
		"0": "Rocket Item Tier1/Rocketitem",
		"particle": "Rocket Item Tier1/Rocketitem"
	},
	"elements": [
		{
			"from": [4, 4, 4],
			"to": [5, 21, 12],
			"rotation": {"angle": 0, "axis": "y", "origin": [9, 13, 16]},
			"faces": {
				"north": {"uv": [9.9015, 11.10925, 10.15125, 15.3585], "texture": "#0"},
				"east": {"uv": [9.66025, 10.807, 11.66025, 15.0565], "texture": "#0"},
				"south": {"uv": [10.32425, 12.61875, 11.358, 13.969], "texture": "#0"},
				"west": {"uv": [10.807, 12.37725, 12.50275, 14.187], "texture": "#0"},
				"up": {"uv": [10.86775, 11.9545, 11.1175, 13.9545], "texture": "#0"},
				"down": {"uv": [0, 0, 0.25, 2], "texture": "#missing"}
			}
		},
		{
			"from": [5, 4, 4],
			"to": [11, 21, 5],
			"rotation": {"angle": 0, "axis": "y", "origin": [15, 13, 9]},
			"faces": {
				"north": {"uv": [8.45275, 11.47125, 9.95275, 15.7205], "texture": "#0"},
				"east": {"uv": [0, 0, 0.25, 4.25], "texture": "#missing"},
				"south": {"uv": [9.2975, 11.16975, 10.7975, 15.41925], "texture": "#0"},
				"west": {"uv": [0, 0, 0.25, 4.25], "texture": "#missing"},
				"up": {"uv": [11.3505, 12.25675, 12.8505, 12.50625], "texture": "#0"},
				"down": {"uv": [0, 0, 1.5, 0.25], "texture": "#missing"}
			}
		},
		{
			"from": [7.5, 25, 7.5],
			"to": [8.5, 31, 8.5],
			"rotation": {"angle": 0, "axis": "y", "origin": [19, 33, 16]},
			"faces": {
				"north": {"uv": [10.807, 12.558, 12.307, 13.558], "texture": "#0"},
				"east": {"uv": [8.392, 13.162, 8.64175, 14.162], "texture": "#0"},
				"south": {"uv": [9.05625, 12.61875, 10.556, 13.61875], "texture": "#0"},
				"west": {"uv": [10.445, 13.28275, 10.69475, 14.28275], "texture": "#0"},
				"up": {"uv": [5.615, 15.215, 7.11425, 15.46475], "texture": "#0"},
				"down": {"uv": [10.26375, 13.52425, 11.7635, 13.77375], "texture": "#0"}
			}
		},
		{
			"from": [7.5, 31, 7.5],
			"to": [8.5, 32, 8.5],
			"rotation": {"angle": 0, "axis": "y", "origin": [19, 34, 16]},
			"faces": {
				"north": {"uv": [0.84475, 13.947, 2.34475, 14.94675], "texture": "#0"},
				"east": {"uv": [1.56975, 13.7055, 1.81925, 14.7055], "texture": "#0"},
				"south": {"uv": [1.02625, 13.64475, 2.46475, 14.64475], "texture": "#0"},
				"west": {"uv": [1.2675, 14.0075, 1.51725, 15.0075], "texture": "#0"},
				"up": {"uv": [0.9055, 14.49025, 2.40475, 14.74], "texture": "#0"},
				"down": {"uv": [10.26375, 13.52425, 11.7635, 13.77375], "texture": "#0"}
			}
		},
		{
			"from": [7, 23, 7],
			"to": [9, 25, 9],
			"rotation": {"angle": 0, "axis": "y", "origin": [19, 32, 16]},
			"faces": {
				"north": {"uv": [10.807, 12.558, 12.307, 13.558], "texture": "#0"},
				"east": {"uv": [8.392, 13.162, 8.64175, 14.162], "texture": "#0"},
				"south": {"uv": [9.05625, 12.61875, 10.556, 13.61875], "texture": "#0"},
				"west": {"uv": [10.445, 13.28275, 10.69475, 14.28275], "texture": "#0"},
				"up": {"uv": [5.615, 15.215, 7.11425, 15.46475], "texture": "#0"},
				"down": {"uv": [10.26375, 13.52425, 11.7635, 13.77375], "texture": "#0"}
			}
		},
		{
			"from": [6, 22, 6],
			"to": [10, 24, 10],
			"rotation": {"angle": 0, "axis": "y", "origin": [19, 30, 16]},
			"faces": {
				"north": {"uv": [10.807, 12.558, 12.307, 13.558], "texture": "#0"},
				"east": {"uv": [8.392, 13.162, 8.64175, 14.162], "texture": "#0"},
				"south": {"uv": [9.05625, 12.61875, 10.556, 13.61875], "texture": "#0"},
				"west": {"uv": [10.445, 13.28275, 10.69475, 14.28275], "texture": "#0"},
				"up": {"uv": [5.615, 15.215, 7.11425, 15.46475], "texture": "#0"},
				"down": {"uv": [10.26375, 13.52425, 11.7635, 13.77375], "texture": "#0"}
			}
		},
		{
			"from": [5, 21, 5],
			"to": [11, 22, 11],
			"rotation": {"angle": 0, "axis": "y", "origin": [19, 29, 16]},
			"faces": {
				"north": {"uv": [10.807, 12.558, 12.307, 13.558], "texture": "#0"},
				"east": {"uv": [8.392, 13.162, 8.64175, 14.162], "texture": "#0"},
				"south": {"uv": [9.05625, 12.61875, 10.556, 13.61875], "texture": "#0"},
				"west": {"uv": [10.445, 13.28275, 10.69475, 14.28275], "texture": "#0"},
				"up": {"uv": [5.615, 15.215, 7.11425, 15.46475], "texture": "#0"},
				"down": {"uv": [10.26375, 13.52425, 11.7635, 13.77375], "texture": "#0"}
			}
		},
		{
			"from": [5, 17, 11],
			"to": [11, 21, 12],
			"rotation": {"angle": 0, "axis": "y", "origin": [19, 25, 16]},
			"faces": {
				"north": {"uv": [10.807, 12.558, 12.307, 13.558], "texture": "#0"},
				"east": {"uv": [0, 0, 0.25, 1], "texture": "#missing"},
				"south": {"uv": [9.05625, 12.61875, 10.556, 13.61875], "texture": "#0"},
				"west": {"uv": [0, 0, 0.25, 1], "texture": "#missing"},
				"up": {"uv": [9.841, 13.162, 11.34075, 13.41175], "texture": "#0"},
				"down": {"uv": [10.26375, 13.52425, 11.7635, 13.77375], "texture": "#0"}
			}
		},
		{
			"from": [10, 13, 11],
			"to": [11, 17, 12],
			"rotation": {"angle": 0, "axis": "y", "origin": [19, 22, 16]},
			"faces": {
				"north": {"uv": [10.445, 13.28275, 10.69475, 14.28275], "texture": "#0"},
				"east": {"uv": [0, 0, 0.25, 1], "texture": "#missing"},
				"south": {"uv": [9.72025, 12.92075, 9.97, 13.92075], "texture": "#0"},
				"west": {"uv": [11.53175, 12.8, 11.7815, 13.8], "texture": "#0"},
				"up": {"uv": [0, 0, 0.25, 0.25], "texture": "#missing"},
				"down": {"uv": [0, 0, 0.25, 0.25], "texture": "#missing"}
			}
		},
		{
			"from": [5, 13, 11],
			"to": [6, 17, 12],
			"rotation": {"angle": 0, "axis": "y", "origin": [15, 22, 16]},
			"faces": {
				"north": {"uv": [9.11675, 13.7055, 9.3665, 14.7055], "texture": "#0"},
				"east": {"uv": [11.2905, 12.61875, 11.54025, 13.61875], "texture": "#0"},
				"south": {"uv": [11.2905, 13.28275, 11.5395, 14.28275], "texture": "#0"},
				"west": {"uv": [0, 0, 0.25, 1], "texture": "#missing"},
				"up": {"uv": [0, 0, 0.25, 0.25], "texture": "#missing"},
				"down": {"uv": [0, 0, 0.25, 0.25], "texture": "#missing"}
			}
		},
		{
			"from": [5, 4, 11],
			"to": [11, 13, 12],
			"rotation": {"angle": 0, "axis": "y", "origin": [15, 13, 16]},
			"faces": {
				"north": {"uv": [10.445, 11.71325, 11.945, 13.96275], "texture": "#0"},
				"east": {"uv": [0, 0, 0.25, 2.25], "texture": "#missing"},
				"south": {"uv": [13.4035, 12.43725, 14.9035, 14.68675], "texture": "#0"},
				"west": {"uv": [0, 0, 0.25, 2.25], "texture": "#missing"},
				"up": {"uv": [10.747, 13.58475, 12.247, 13.8345], "texture": "#0"},
				"down": {"uv": [0, 0, 1.5, 0.25], "texture": "#missing"}
			}
		},
		{
			"from": [11, 4, 4],
			"to": [12, 21, 12],
			"rotation": {"angle": 0, "axis": "y", "origin": [16, 13, 16]},
			"faces": {
				"north": {"uv": [3.80325, 11.53175, 4.053, 15.78125], "texture": "#0"},
				"east": {"uv": [9.419, 11.77325, 11.41875, 16], "texture": "#0"},
				"south": {"uv": [3.74325, 11.6525, 3.993, 15.902], "texture": "#0"},
				"west": {"uv": [9.419, 11.3505, 11.41875, 15.6], "texture": "#0"},
				"up": {"uv": [11.47125, 11.10925, 11.72075, 13.109], "texture": "#0"},
				"down": {"uv": [0, 0, 0.25, 2], "texture": "#missing"}
			}
		},
		{
			"from": [4, 3, 4],
			"to": [12, 4, 12],
			"rotation": {"angle": 0, "axis": "y", "origin": [16, 12, 16]},
			"faces": {
				"north": {"uv": [8.99625, 12.8, 10.996, 13.04975], "texture": "#0"},
				"east": {"uv": [9.11675, 12.98075, 11.11675, 13.2305], "texture": "#0"},
				"south": {"uv": [9.35825, 12.8, 11.358, 13.04975], "texture": "#0"},
				"west": {"uv": [9.05625, 13.52425, 11.056, 13.77375], "texture": "#0"},
				"up": {"uv": [11.16975, 11.894, 13.16975, 13.89375], "texture": "#0"},
				"down": {"uv": [8.99625, 11.894, 10.996, 13.89375], "texture": "#0"}
			}
		},
		{
			"from": [15, 0, 7],
			"to": [16, 6, 9],
			"rotation": {"angle": 0, "axis": "y", "origin": [24, 7, 16]},
			"faces": {
				"north": {"uv": [9.72025, 13.0415, 10.22025, 13.291], "texture": "#0"},
				"east": {"uv": [11.41125, 13.52425, 11.91125, 13.77375], "texture": "#0"},
				"south": {"uv": [10.86775, 11.834, 11.36775, 12.0835], "texture": "#0"},
				"west": {"uv": [10.02225, 12.25675, 10.52225, 12.50625], "texture": "#0"},
				"up": {"uv": [7.366, 14.8525, 7.86525, 15.35225], "texture": "#0"},
				"down": {"uv": [10.6865, 12.61875, 11.18625, 13.11875], "texture": "#0"}
			}
		},
		{
			"from": [7, 0, 0],
			"to": [9, 6, 1],
			"rotation": {"angle": 0, "axis": "y", "origin": [16, 7, -8]},
			"faces": {
				"north": {"uv": [11.41125, 13.52425, 11.91125, 13.77375], "texture": "#0"},
				"east": {"uv": [10.86775, 11.834, 11.36775, 12.0835], "texture": "#0"},
				"south": {"uv": [10.02225, 12.25675, 10.52225, 12.50625], "texture": "#0"},
				"west": {"uv": [9.72025, 13.0415, 10.22025, 13.291], "texture": "#0"},
				"up": {"uv": [7.366, 14.8525, 7.86525, 15.35225], "rotation": 270, "texture": "#0"},
				"down": {"uv": [10.6865, 12.61875, 11.18625, 13.11875], "rotation": 90, "texture": "#0"}
			}
		},
		{
			"from": [7, 0, 15],
			"to": [9, 6, 16],
			"rotation": {"angle": 0, "axis": "y", "origin": [0, 7, 24]},
			"faces": {
				"north": {"uv": [10.02225, 12.25675, 10.52225, 12.50625], "texture": "#0"},
				"east": {"uv": [9.72025, 13.0415, 10.22025, 13.291], "texture": "#0"},
				"south": {"uv": [11.41125, 13.52425, 11.91125, 13.77375], "texture": "#0"},
				"west": {"uv": [10.86775, 11.834, 11.36775, 12.0835], "texture": "#0"},
				"up": {"uv": [7.366, 14.8525, 7.86525, 15.35225], "rotation": 90, "texture": "#0"},
				"down": {"uv": [10.6865, 12.61875, 11.18625, 13.11875], "rotation": 270, "texture": "#0"}
			}
		},
		{
			"from": [14, 1, 7],
			"to": [15, 3, 9],
			"rotation": {"angle": 0, "axis": "y", "origin": [23, 7, 16]},
			"faces": {
				"north": {"uv": [9.72025, 13.0415, 10.22025, 13.291], "texture": "#0"},
				"east": {"uv": [11.41125, 13.52425, 11.91125, 13.77375], "texture": "#0"},
				"south": {"uv": [10.86775, 11.834, 11.36775, 12.0835], "texture": "#0"},
				"west": {"uv": [10.02225, 12.25675, 10.52225, 12.50625], "texture": "#0"},
				"up": {"uv": [7.366, 14.8525, 7.86525, 15.35225], "texture": "#0"},
				"down": {"uv": [10.50575, 12.67875, 11.00575, 13.17875], "texture": "#0"}
			}
		},
		{
			"from": [0, 0, 7],
			"to": [1, 6, 9],
			"rotation": {"angle": 0, "axis": "y", "origin": [-8, 7, 0]},
			"faces": {
				"north": {"uv": [10.86775, 11.834, 11.36775, 12.0835], "texture": "#0"},
				"east": {"uv": [10.02225, 12.25675, 10.52225, 12.50625], "texture": "#0"},
				"south": {"uv": [9.72025, 13.0415, 10.22025, 13.291], "texture": "#0"},
				"west": {"uv": [11.41125, 13.52425, 11.91125, 13.77375], "texture": "#0"},
				"up": {"uv": [7.366, 14.8525, 7.86525, 15.35225], "rotation": 180, "texture": "#0"},
				"down": {"uv": [10.6865, 12.61875, 11.18625, 13.11875], "rotation": 180, "texture": "#0"}
			}
		},
		{
			"from": [7, 1, 1],
			"to": [9, 3, 2],
			"rotation": {"angle": 0, "axis": "y", "origin": [16, 7, -7]},
			"faces": {
				"north": {"uv": [11.41125, 13.52425, 11.91125, 13.77375], "texture": "#0"},
				"east": {"uv": [10.86775, 11.834, 11.36775, 12.0835], "texture": "#0"},
				"south": {"uv": [10.02225, 12.25675, 10.52225, 12.50625], "texture": "#0"},
				"west": {"uv": [9.72025, 13.0415, 10.22025, 13.291], "texture": "#0"},
				"up": {"uv": [7.366, 14.8525, 7.86525, 15.35225], "rotation": 270, "texture": "#0"},
				"down": {"uv": [10.50575, 12.67875, 11.00575, 13.17875], "rotation": 90, "texture": "#0"}
			}
		},
		{
			"from": [1, 1, 7],
			"to": [2, 3, 9],
			"rotation": {"angle": 0, "axis": "y", "origin": [-7, 7, 0]},
			"faces": {
				"north": {"uv": [10.86775, 11.834, 11.36775, 12.0835], "texture": "#0"},
				"east": {"uv": [10.02225, 12.25675, 10.52225, 12.50625], "texture": "#0"},
				"south": {"uv": [9.72025, 13.0415, 10.22025, 13.291], "texture": "#0"},
				"west": {"uv": [11.41125, 13.52425, 11.91125, 13.77375], "texture": "#0"},
				"up": {"uv": [7.366, 14.8525, 7.86525, 15.35225], "rotation": 180, "texture": "#0"},
				"down": {"uv": [10.50575, 12.67875, 11.00575, 13.17875], "rotation": 180, "texture": "#0"}
			}
		},
		{
			"from": [7, 1, 14],
			"to": [9, 3, 15],
			"rotation": {"angle": 0, "axis": "y", "origin": [0, 7, 23]},
			"faces": {
				"north": {"uv": [10.02225, 12.25675, 10.52225, 12.50625], "texture": "#0"},
				"east": {"uv": [9.72025, 13.0415, 10.22025, 13.291], "texture": "#0"},
				"south": {"uv": [11.41125, 13.52425, 11.91125, 13.77375], "texture": "#0"},
				"west": {"uv": [10.86775, 11.834, 11.36775, 12.0835], "texture": "#0"},
				"up": {"uv": [7.366, 14.8525, 7.86525, 15.35225], "rotation": 90, "texture": "#0"},
				"down": {"uv": [10.50575, 12.67875, 11.00575, 13.17875], "rotation": 270, "texture": "#0"}
			}
		},
		{
			"from": [13, 3, 7],
			"to": [14, 5, 9],
			"rotation": {"angle": 0, "axis": "y", "origin": [22, 10, 16]},
			"faces": {
				"north": {"uv": [9.72025, 13.0415, 10.22025, 13.291], "texture": "#0"},
				"east": {"uv": [11.41125, 13.52425, 11.91125, 13.77375], "texture": "#0"},
				"south": {"uv": [10.86775, 11.834, 11.36775, 12.0835], "texture": "#0"},
				"west": {"uv": [10.02225, 12.25675, 10.52225, 12.50625], "texture": "#0"},
				"up": {"uv": [7.366, 14.8525, 7.86525, 15.35225], "texture": "#0"},
				"down": {"uv": [10.38425, 13.0415, 10.88425, 13.5415], "texture": "#0"}
			}
		},
		{
			"from": [7, 3, 2],
			"to": [9, 5, 3],
			"rotation": {"angle": 0, "axis": "y", "origin": [16, 10, -6]},
			"faces": {
				"north": {"uv": [11.41125, 13.52425, 11.91125, 13.77375], "texture": "#0"},
				"east": {"uv": [10.86775, 11.834, 11.36775, 12.0835], "texture": "#0"},
				"south": {"uv": [10.02225, 12.25675, 10.52225, 12.50625], "texture": "#0"},
				"west": {"uv": [9.72025, 13.0415, 10.22025, 13.291], "texture": "#0"},
				"up": {"uv": [7.366, 14.8525, 7.86525, 15.35225], "rotation": 270, "texture": "#0"},
				"down": {"uv": [10.38425, 13.0415, 10.88425, 13.5415], "rotation": 90, "texture": "#0"}
			}
		},
		{
			"from": [2, 3, 7],
			"to": [3, 5, 9],
			"rotation": {"angle": 0, "axis": "y", "origin": [-6, 10, 0]},
			"faces": {
				"north": {"uv": [10.86775, 11.834, 11.36775, 12.0835], "texture": "#0"},
				"east": {"uv": [10.02225, 12.25675, 10.52225, 12.50625], "texture": "#0"},
				"south": {"uv": [9.72025, 13.0415, 10.22025, 13.291], "texture": "#0"},
				"west": {"uv": [11.41125, 13.52425, 11.91125, 13.77375], "texture": "#0"},
				"up": {"uv": [7.366, 14.8525, 7.86525, 15.35225], "rotation": 180, "texture": "#0"},
				"down": {"uv": [10.38425, 13.0415, 10.88425, 13.5415], "rotation": 180, "texture": "#0"}
			}
		},
		{
			"from": [7, 3, 13],
			"to": [9, 5, 14],
			"rotation": {"angle": 0, "axis": "y", "origin": [0, 10, 22]},
			"faces": {
				"north": {"uv": [10.02225, 12.25675, 10.52225, 12.50625], "texture": "#0"},
				"east": {"uv": [9.72025, 13.0415, 10.22025, 13.291], "texture": "#0"},
				"south": {"uv": [11.41125, 13.52425, 11.91125, 13.77375], "texture": "#0"},
				"west": {"uv": [10.86775, 11.834, 11.36775, 12.0835], "texture": "#0"},
				"up": {"uv": [7.366, 14.8525, 7.86525, 15.35225], "rotation": 90, "texture": "#0"},
				"down": {"uv": [10.38425, 13.0415, 10.88425, 13.5415], "rotation": 270, "texture": "#0"}
			}
		},
		{
			"from": [12, 4, 7],
			"to": [13, 6, 9],
			"rotation": {"angle": 0, "axis": "y", "origin": [21, 10, 16]},
			"faces": {
				"north": {"uv": [9.72025, 13.0415, 10.22025, 13.291], "texture": "#0"},
				"east": {"uv": [11.41125, 13.52425, 11.91125, 13.77375], "texture": "#0"},
				"south": {"uv": [10.86775, 11.834, 11.36775, 12.0835], "texture": "#0"},
				"west": {"uv": [10.02225, 12.25675, 10.52225, 12.50625], "texture": "#0"},
				"up": {"uv": [7.366, 14.8525, 7.86525, 15.35225], "texture": "#0"},
				"down": {"uv": [9.419, 13.52425, 9.91875, 14.02425], "texture": "#0"}
			}
		},
		{
			"from": [7, 4, 3],
			"to": [9, 6, 4],
			"rotation": {"angle": 0, "axis": "y", "origin": [16, 10, -5]},
			"faces": {
				"north": {"uv": [11.41125, 13.52425, 11.91125, 13.77375], "texture": "#0"},
				"east": {"uv": [10.86775, 11.834, 11.36775, 12.0835], "texture": "#0"},
				"south": {"uv": [10.02225, 12.25675, 10.52225, 12.50625], "texture": "#0"},
				"west": {"uv": [9.72025, 13.0415, 10.22025, 13.291], "texture": "#0"},
				"up": {"uv": [7.366, 14.8525, 7.86525, 15.35225], "rotation": 270, "texture": "#0"},
				"down": {"uv": [9.419, 13.52425, 9.91875, 14.02425], "rotation": 90, "texture": "#0"}
			}
		},
		{
			"from": [3, 4, 7],
			"to": [4, 6, 9],
			"rotation": {"angle": 0, "axis": "y", "origin": [-5, 10, 0]},
			"faces": {
				"north": {"uv": [10.86775, 11.834, 11.36775, 12.0835], "texture": "#0"},
				"east": {"uv": [10.02225, 12.25675, 10.52225, 12.50625], "texture": "#0"},
				"south": {"uv": [9.72025, 13.0415, 10.22025, 13.291], "texture": "#0"},
				"west": {"uv": [11.41125, 13.52425, 11.91125, 13.77375], "texture": "#0"},
				"up": {"uv": [7.366, 14.8525, 7.86525, 15.35225], "rotation": 180, "texture": "#0"},
				"down": {"uv": [9.419, 13.52425, 9.91875, 14.02425], "rotation": 180, "texture": "#0"}
			}
		},
		{
			"from": [7, 4, 12],
			"to": [9, 6, 13],
			"rotation": {"angle": 0, "axis": "y", "origin": [0, 10, 21]},
			"faces": {
				"north": {"uv": [10.02225, 12.25675, 10.52225, 12.50625], "texture": "#0"},
				"east": {"uv": [9.72025, 13.0415, 10.22025, 13.291], "texture": "#0"},
				"south": {"uv": [11.41125, 13.52425, 11.91125, 13.77375], "texture": "#0"},
				"west": {"uv": [10.86775, 11.834, 11.36775, 12.0835], "texture": "#0"},
				"up": {"uv": [7.366, 14.8525, 7.86525, 15.35225], "rotation": 90, "texture": "#0"},
				"down": {"uv": [9.419, 13.52425, 9.91875, 14.02425], "rotation": 270, "texture": "#0"}
			}
		},
		{
			"from": [7, 2, 7],
			"to": [9, 3, 9],
			"rotation": {"angle": 0, "axis": "y", "origin": [16, 10, 16]},
			"faces": {
				"north": {"uv": [9.72025, 13.0415, 10.22025, 13.291], "texture": "#0"},
				"east": {"uv": [11.41125, 13.52425, 11.91125, 13.77375], "texture": "#0"},
				"south": {"uv": [10.86775, 11.834, 11.36775, 12.0835], "texture": "#0"},
				"west": {"uv": [10.02225, 12.25675, 10.52225, 12.50625], "texture": "#0"},
				"up": {"uv": [0, 0, 0.5, 0.5], "texture": "#missing"},
				"down": {"uv": [0, 0, 0.5, 0.5], "texture": "#missing"}
			}
		},
		{
			"from": [5, 0, 5],
			"to": [11, 1, 11],
			"rotation": {"angle": 0, "axis": "y", "origin": [16, 8, 16]},
			"faces": {
				"north": {"uv": [9.2375, 13.28275, 10.7375, 13.5325], "texture": "#0"},
				"east": {"uv": [10.6265, 12.558, 12.12625, 12.80775], "texture": "#0"},
				"south": {"uv": [9.5395, 13.1015, 11.0395, 13.351], "texture": "#0"},
				"west": {"uv": [10.143, 12.98075, 11.643, 13.2305], "texture": "#0"},
				"up": {"uv": [10.143, 13.0415, 11.643, 14.54125], "texture": "#0"},
				"down": {"uv": [0.06, 12.86, 3.3095, 15.98875], "texture": "#0"}
			}
		},
		{
			"from": [6, 1, 6],
			"to": [10, 2, 10],
			"rotation": {"angle": 0, "axis": "y", "origin": [16, 9, 16]},
			"faces": {
				"north": {"uv": [11.53175, 13.222, 12.53175, 13.47175], "texture": "#0"},
				"east": {"uv": [10.32425, 13.34275, 11.32425, 13.5925], "texture": "#0"},
				"south": {"uv": [10.143, 12.61875, 11.143, 12.86825], "texture": "#0"},
				"west": {"uv": [10.445, 12.61875, 11.445, 12.86825], "texture": "#0"},
				"up": {"uv": [9.2375, 12.37725, 10.2375, 13.37725], "texture": "#0"},
				"down": {"uv": [0, 0, 1, 1], "texture": "#missing"}
			}
		}
	],
	"display": {
		"thirdperson_righthand": {
			"translation": [0, 3, 0.5],
			"scale": [0.4, 0.4, 0.4]
		},
		"thirdperson_lefthand": {
			"translation": [0, 3, 0.25],
			"scale": [0.4, 0.4, 0.4]
		},
		"firstperson_righthand": {
			"rotation": [0, -41, 0],
			"translation": [0.25, 3, 1.25],
			"scale": [0.4, 0.4, 0.4]
		},
		"firstperson_lefthand": {
			"rotation": [0, -39, 0],
			"translation": [0.25, 3.75, 1.25],
			"scale": [0.4, 0.4, 0.4]
		},
		"ground": {
			"rotation": [0, -180, 0],
			"translation": [0, 1.75, 0],
			"scale": [0.4, 0.4, 0.4]
		},
		"gui": {
			"rotation": [-7, 25, 0],
			"translation": [0, -2.75, 0],
			"scale": [0.6, 0.6, 0.6]
		},
		"head": {
			"rotation": [0, -180, 0],
			"translation": [0, 14.25, 0]
		},
		"fixed": {
			"rotation": [0, -180, 0],
			"translation": [0, -2.5, -1.75],
			"scale": [0.5, 0.5, 0.5]
		}
	},
	"groups": [
		{
			"name": "group",
			"origin": [16, 8, 16],
			"children": [0, 1, 2, 3, 4, 5, 6, 7, 8, 9, 10, 11, 12, 13, 14, 15, 16, 17, 18, 19, 20, 21, 22, 23, 24, 25, 26, 27, 28, 29, 30, 31]
		}
	]
}