{
	"credit": "Made with Blockbench",
	"textures": {
		"1": "block/iron_block",
		"particle": "Rocket/FlugzeugTexture2"
	},
	"elements": [
		{
			"from": [0, 0, 0],
			"to": [16, 16, 16],
			"faces": {
				"north": {"uv": [0, 0, 16, 16], "texture": "#1"},
				"east": {"uv": [0, 0, 16, 16], "texture": "#1"},
				"south": {"uv": [0, 0, 16, 16], "texture": "#1"},
				"west": {"uv": [0, 0, 16, 16], "texture": "#1"},
				"up": {"uv": [0, 0, 16, 16], "texture": "#1"},
				"down": {"uv": [0, 0, 16, 16], "texture": "#1"}
			}
		},
		{
			"from": [16, 0, 0],
			"to": [32, 13, 16],
			"faces": {
				"north": {"uv": [0, 1, 16, 14], "texture": "#1"},
				"east": {"uv": [0, 0, 16, 13], "texture": "#1"},
				"south": {"uv": [0, 1, 16, 14], "texture": "#1"},
				"west": {"uv": [0, 0, 16, 13], "texture": "#missing"},
				"up": {"uv": [0, 0, 16, 16], "texture": "#1"},
				"down": {"uv": [0, 0, 16, 16], "texture": "#1"}
			}
		},
		{
			"from": [-16, 0, 0],
			"to": [0, 13, 16],
			"faces": {
				"north": {"uv": [0, 1, 16, 14], "texture": "#1"},
				"east": {"uv": [0, 0, 16, 13], "texture": "#missing"},
				"south": {"uv": [0, 1, 16, 14], "texture": "#1"},
				"west": {"uv": [0, 0, 16, 13], "texture": "#1"},
				"up": {"uv": [0, 0, 16, 16], "texture": "#1"},
				"down": {"uv": [0, 0, 16, 16], "texture": "#1"}
			}
		},
		{
			"from": [0, 0, -16],
			"to": [16, 13, 0],
			"faces": {
				"north": {"uv": [0, 0, 16, 13], "texture": "#1"},
				"east": {"uv": [0, 1, 16, 14], "texture": "#1"},
				"south": {"uv": [0, 0, 16, 13], "texture": "#missing"},
				"west": {"uv": [0, 1, 16, 14], "texture": "#1"},
				"up": {"uv": [0, 0, 16, 16], "texture": "#1"},
				"down": {"uv": [0, 0, 16, 16], "texture": "#1"}
			}
		},
		{
			"from": [16, 0, -16],
			"to": [32, 8, 0],
			"faces": {
				"north": {"uv": [0, 1, 16, 9], "texture": "#1"},
				"east": {"uv": [0, 1, 16, 9], "texture": "#1"},
				"south": {"uv": [0, 0, 16, 8], "texture": "#missing"},
				"west": {"uv": [0, 0, 16, 8], "texture": "#missing"},
				"up": {"uv": [0, 0, 16, 16], "texture": "#1"},
				"down": {"uv": [0, 0, 16, 16], "texture": "#1"}
			}
		},
		{
			"from": [-16, 0, -16],
			"to": [0, 8, 0],
			"faces": {
				"north": {"uv": [0, 2, 16, 10], "texture": "#1"},
				"east": {"uv": [0, 0, 16, 8], "texture": "#missing"},
				"south": {"uv": [0, 0, 16, 8], "texture": "#missing"},
				"west": {"uv": [0, 2, 16, 10], "texture": "#1"},
				"up": {"uv": [0, 0, 16, 16], "texture": "#1"},
				"down": {"uv": [0, 0, 16, 16], "texture": "#1"}
			}
		},
		{
			"from": [-16, 0, 16],
			"to": [0, 8, 32],
			"faces": {
				"north": {"uv": [0, 0, 16, 8], "texture": "#missing"},
				"east": {"uv": [0, 0, 16, 8], "texture": "#missing"},
				"south": {"uv": [0, 1, 16, 9], "texture": "#1"},
				"west": {"uv": [0, 2, 16, 10], "texture": "#1"},
				"up": {"uv": [0, 0, 16, 16], "texture": "#1"},
				"down": {"uv": [0, 0, 16, 16], "texture": "#1"}
			}
		},
		{
			"from": [16, 0, 16],
			"to": [32, 8, 32],
			"faces": {
				"north": {"uv": [0, 0, 16, 8], "texture": "#missing"},
				"east": {"uv": [0, 1, 16, 9], "texture": "#1"},
				"south": {"uv": [0, 1, 16, 9], "texture": "#1"},
				"west": {"uv": [0, 0, 16, 8], "texture": "#missing"},
				"up": {"uv": [0, 0, 16, 16], "texture": "#1"},
				"down": {"uv": [0, 0, 16, 16], "texture": "#1"}
			}
		},
		{
			"from": [0, 0, 16],
			"to": [16, 13, 32],
			"faces": {
				"north": {"uv": [0, 0, 16, 13], "texture": "#missing"},
				"east": {"uv": [0, 1, 16, 14], "texture": "#1"},
				"south": {"uv": [0, 0, 16, 13], "texture": "#1"},
				"west": {"uv": [0, 1, 16, 14], "texture": "#1"},
				"up": {"uv": [0, 0, 16, 16], "texture": "#1"},
				"down": {"uv": [0, 0, 16, 16], "texture": "#1"}
			}
		}
	],
	"display": {
		"thirdperson_righthand": {
			"rotation": [85, -1, 1],
			"translation": [0, 2.5, -1.25],
			"scale": [0.3, 0.37, 0.3]
		},
		"thirdperson_lefthand": {
			"rotation": [77, 0, 0],
			"translation": [0, 5.5, -0.75],
			"scale": [0.3, 0.37, 0.3]
		},
		"firstperson_righthand": {
			"translation": [1.25, 0.25, 0],
			"scale": [0.33, 0.37, 0.3]
		},
		"firstperson_lefthand": {
			"translation": [0, 0.25, 0],
			"scale": [0.3, 0.37, 0.3]
		},
		"ground": {
			"translation": [0, 0.75, 0],
			"scale": [0.3, 0.37, 0.3]
		},
		"gui": {
			"rotation": [113, -3, -19],
			"translation": [0.25, -0.75, 0],
			"scale": [0.3, 0.43, 0.3]
		},
		"head": {
			"translation": [0, 13.5, 0]
		},
		"fixed": {
			"rotation": [-90, 0, 0],
			"translation": [0, 0, -2.75],
			"scale": [0.3, 0.37, 0.3]
		}
	}
}