{
	"credit": "Made with Blockbench",
	"textures": {
		"2": "Rocket/FlugzeugTexture2"
	},
	"elements": [
		{
			"from": [6.38, 0, 6.92],
			"to": [7.38, 1, 8.92],
			"rotation": {"angle": 0, "axis": "y", "origin": [0, 0, 0]},
			"faces": {
				"north": {"uv": [2, 2, 3, 3], "texture": "#2"},
				"east": {"uv": [0, 2, 2, 3], "texture": "#2"},
				"south": {"uv": [5, 2, 6, 3], "texture": "#2"},
				"west": {"uv": [3, 2, 5, 3], "texture": "#2"},
				"up": {"uv": [3, 2, 2, 0], "texture": "#2"},
				"down": {"uv": [4, 0, 3, 2], "texture": "#2"}
			}
		},
		{
			"from": [9.08, 0, 6.92],
			"to": [10.08, 1, 8.92],
			"rotation": {"angle": 0, "axis": "y", "origin": [0, 0, 0]},
			"faces": {
				"north": {"uv": [2, 2, 3, 3], "texture": "#2"},
				"east": {"uv": [0, 2, 2, 3], "texture": "#2"},
				"south": {"uv": [5, 2, 6, 3], "texture": "#2"},
				"west": {"uv": [3, 2, 5, 3], "texture": "#2"},
				"up": {"uv": [3, 2, 2, 0], "texture": "#2"},
				"down": {"uv": [4, 0, 3, 2], "texture": "#2"}
			}
		},
		{
			"from": [6.38, 0, 9.08],
			"to": [9.38, 1, 10.08],
			"rotation": {"angle": 0, "axis": "y", "origin": [0, 0, 0]},
			"faces": {
				"north": {"uv": [1, 1, 4, 2], "texture": "#2"},
				"east": {"uv": [0, 1, 1, 2], "texture": "#2"},
				"south": {"uv": [5, 1, 8, 2], "texture": "#2"},
				"west": {"uv": [4, 1, 5, 2], "texture": "#2"},
				"up": {"uv": [4, 1, 1, 0], "texture": "#2"},
				"down": {"uv": [7, 0, 4, 1], "texture": "#2"}
			}
		},
		{
			"from": [6.92, 1.08, 8],
			"to": [9.92, 2.08, 9],
			"rotation": {"angle": 0, "axis": "y", "origin": [0, 0, 0]},
			"faces": {
				"north": {"uv": [1, 1, 4, 2], "texture": "#2"},
				"east": {"uv": [0, 1, 1, 2], "texture": "#2"},
				"south": {"uv": [5, 1, 8, 2], "texture": "#2"},
				"west": {"uv": [4, 1, 5, 2], "texture": "#2"},
				"up": {"uv": [4, 1, 1, 0], "texture": "#2"},
				"down": {"uv": [7, 0, 4, 1], "texture": "#2"}
			}
		},
		{
			"from": [6.92, 1.08, 6.92],
			"to": [9.92, 2.08, 7.92],
			"rotation": {"angle": 0, "axis": "y", "origin": [0, 0, 0]},
			"faces": {
				"north": {"uv": [1, 1, 4, 2], "texture": "#2"},
				"east": {"uv": [0, 1, 1, 2], "texture": "#2"},
				"south": {"uv": [5, 1, 8, 2], "texture": "#2"},
				"west": {"uv": [4, 1, 5, 2], "texture": "#2"},
				"up": {"uv": [4, 1, 1, 0], "texture": "#2"},
				"down": {"uv": [7, 0, 4, 1], "texture": "#2"}
			}
		},
		{
			"from": [7.46, 2.16, 3.14],
			"to": [8.46, 3.16, 4.14],
			"rotation": {"angle": 0, "axis": "y", "origin": [0, 0, 0]},
			"faces": {
				"north": {"uv": [1, 1, 2, 2], "texture": "#2"},
				"east": {"uv": [0, 1, 1, 2], "texture": "#2"},
				"south": {"uv": [3, 1, 4, 2], "texture": "#2"},
				"west": {"uv": [2, 1, 3, 2], "texture": "#2"},
				"up": {"uv": [2, 1, 1, 0], "texture": "#2"},
				"down": {"uv": [3, 0, 2, 1], "texture": "#2"}
			}
		},
		{
			"from": [7.46, 1.08, 3.68],
			"to": [8.46, 2.08, 4.68],
			"rotation": {"angle": 0, "axis": "y", "origin": [0, 0, 0]},
			"faces": {
				"north": {"uv": [1, 1, 2, 2], "texture": "#2"},
				"east": {"uv": [0, 1, 1, 2], "texture": "#2"},
				"south": {"uv": [3, 1, 4, 2], "texture": "#2"},
				"west": {"uv": [2, 1, 3, 2], "texture": "#2"},
				"up": {"uv": [2, 1, 1, 0], "texture": "#2"},
				"down": {"uv": [3, 0, 2, 1], "texture": "#2"}
			}
		},
		{
			"from": [7.46, 0.54, 4.22],
			"to": [8.46, 1.54, 5.22],
			"rotation": {"angle": 0, "axis": "y", "origin": [0, 0, 0]},
			"faces": {
				"north": {"uv": [1, 1, 2, 2], "texture": "#2"},
				"east": {"uv": [0, 1, 1, 2], "texture": "#2"},
				"south": {"uv": [3, 1, 4, 2], "texture": "#2"},
				"west": {"uv": [2, 1, 3, 2], "texture": "#2"},
				"up": {"uv": [2, 1, 1, 0], "texture": "#2"},
				"down": {"uv": [3, 0, 2, 1], "texture": "#2"}
			}
		},
		{
			"from": [7.46, 0, 3.68],
			"to": [8.46, 1, 4.68],
			"rotation": {"angle": 0, "axis": "y", "origin": [0, 0, 0]},
			"faces": {
				"north": {"uv": [1, 1, 2, 2], "texture": "#2"},
				"east": {"uv": [0, 1, 1, 2], "texture": "#2"},
				"south": {"uv": [3, 1, 4, 2], "texture": "#2"},
				"west": {"uv": [2, 1, 3, 2], "texture": "#2"},
				"up": {"uv": [2, 1, 1, 0], "texture": "#2"},
				"down": {"uv": [3, 0, 2, 1], "texture": "#2"}
			}
		},
		{
			"from": [7.46, 1.08, 4.76],
			"to": [8.46, 2.08, 5.76],
			"rotation": {"angle": 0, "axis": "y", "origin": [0, 0, 0]},
			"faces": {
				"north": {"uv": [1, 1, 2, 2], "texture": "#2"},
				"east": {"uv": [0, 1, 1, 2], "texture": "#2"},
				"south": {"uv": [3, 1, 4, 2], "texture": "#2"},
				"west": {"uv": [2, 1, 3, 2], "texture": "#2"},
				"up": {"uv": [2, 1, 1, 0], "texture": "#2"},
				"down": {"uv": [3, 0, 2, 1], "texture": "#2"}
			}
		},
		{
			"from": [7.46, 1.62, 5.3],
			"to": [8.46, 2.62, 6.3],
			"rotation": {"angle": 0, "axis": "y", "origin": [0, 0, 0]},
			"faces": {
				"north": {"uv": [1, 1, 2, 2], "texture": "#2"},
				"east": {"uv": [0, 1, 1, 2], "texture": "#2"},
				"south": {"uv": [3, 1, 4, 2], "texture": "#2"},
				"west": {"uv": [2, 1, 3, 2], "texture": "#2"},
				"up": {"uv": [2, 1, 1, 0], "texture": "#2"},
				"down": {"uv": [3, 0, 2, 1], "texture": "#2"}
			}
		},
		{
			"from": [7.46, 2.16, 12.32],
			"to": [8.46, 3.16, 13.32],
			"rotation": {"angle": 0, "axis": "y", "origin": [0, 0, 0]},
			"faces": {
				"north": {"uv": [1, 1, 2, 2], "texture": "#2"},
				"east": {"uv": [0, 1, 1, 2], "texture": "#2"},
				"south": {"uv": [3, 1, 4, 2], "texture": "#2"},
				"west": {"uv": [2, 1, 3, 2], "texture": "#2"},
				"up": {"uv": [2, 1, 1, 0], "texture": "#2"},
				"down": {"uv": [3, 0, 2, 1], "texture": "#2"}
			}
		},
		{
			"from": [7.46, 1.08, 11.78],
			"to": [8.46, 2.08, 12.78],
			"rotation": {"angle": 0, "axis": "y", "origin": [0, 0, 0]},
			"faces": {
				"north": {"uv": [1, 1, 2, 2], "texture": "#2"},
				"east": {"uv": [0, 1, 1, 2], "texture": "#2"},
				"south": {"uv": [3, 1, 4, 2], "texture": "#2"},
				"west": {"uv": [2, 1, 3, 2], "texture": "#2"},
				"up": {"uv": [2, 1, 1, 0], "texture": "#2"},
				"down": {"uv": [3, 0, 2, 1], "texture": "#2"}
			}
		},
		{
			"from": [7.46, 0, 11.78],
			"to": [8.46, 1, 12.78],
			"rotation": {"angle": 0, "axis": "y", "origin": [0, 0, 0]},
			"faces": {
				"north": {"uv": [1, 1, 2, 2], "texture": "#2"},
				"east": {"uv": [0, 1, 1, 2], "texture": "#2"},
				"south": {"uv": [3, 1, 4, 2], "texture": "#2"},
				"west": {"uv": [2, 1, 3, 2], "texture": "#2"},
				"up": {"uv": [2, 1, 1, 0], "texture": "#2"},
				"down": {"uv": [3, 0, 2, 1], "texture": "#2"}
			}
		},
		{
			"from": [7.46, 0.54, 11.24],
			"to": [8.46, 1.54, 12.24],
			"rotation": {"angle": 0, "axis": "y", "origin": [0, 0, 0]},
			"faces": {
				"north": {"uv": [1, 1, 2, 2], "texture": "#2"},
				"east": {"uv": [0, 1, 1, 2], "texture": "#2"},
				"south": {"uv": [3, 1, 4, 2], "texture": "#2"},
				"west": {"uv": [2, 1, 3, 2], "texture": "#2"},
				"up": {"uv": [2, 1, 1, 0], "texture": "#2"},
				"down": {"uv": [3, 0, 2, 1], "texture": "#2"}
			}
		},
		{
			"from": [7.46, 1.08, 10.7],
			"to": [8.46, 2.08, 11.7],
			"rotation": {"angle": 0, "axis": "y", "origin": [0, 0, 0]},
			"faces": {
				"north": {"uv": [1, 1, 2, 2], "texture": "#2"},
				"east": {"uv": [0, 1, 1, 2], "texture": "#2"},
				"south": {"uv": [3, 1, 4, 2], "texture": "#2"},
				"west": {"uv": [2, 1, 3, 2], "texture": "#2"},
				"up": {"uv": [2, 1, 1, 0], "texture": "#2"},
				"down": {"uv": [3, 0, 2, 1], "texture": "#2"}
			}
		},
		{
			"from": [7.46, 1.62, 10.16],
			"to": [8.46, 2.62, 11.16],
			"rotation": {"angle": 0, "axis": "y", "origin": [0, 0, 0]},
			"faces": {
				"north": {"uv": [1, 1, 2, 2], "texture": "#2"},
				"east": {"uv": [0, 1, 1, 2], "texture": "#2"},
				"south": {"uv": [3, 1, 4, 2], "texture": "#2"},
				"west": {"uv": [2, 1, 3, 2], "texture": "#2"},
				"up": {"uv": [2, 1, 1, 0], "texture": "#2"},
				"down": {"uv": [3, 0, 2, 1], "texture": "#2"}
			}
		},
		{
			"from": [3.14, 2.16, 7.46],
			"to": [4.14, 3.16, 8.46],
			"rotation": {"angle": 0, "axis": "y", "origin": [0, 0, 0]},
			"faces": {
				"north": {"uv": [9, 1, 10, 2], "texture": "#2"},
				"east": {"uv": [8, 1, 9, 2], "texture": "#2"},
				"south": {"uv": [11, 1, 12, 2], "texture": "#2"},
				"west": {"uv": [10, 1, 11, 2], "texture": "#2"},
				"up": {"uv": [10, 1, 9, 0], "texture": "#2"},
				"down": {"uv": [11, 0, 10, 1], "texture": "#2"}
			}
		},
		{
			"from": [6.38, 1.62, 5.84],
			"to": [10.38, 5.62, 6.84],
			"rotation": {"angle": 0, "axis": "y", "origin": [0, 0, 0]},
			"faces": {
				"north": {"uv": [1, 1, 5, 5], "texture": "#2"},
				"east": {"uv": [0, 1, 1, 5], "texture": "#2"},
				"south": {"uv": [6, 1, 10, 5], "texture": "#2"},
				"west": {"uv": [5, 1, 6, 5], "texture": "#2"},
				"up": {"uv": [5, 1, 1, 0], "texture": "#2"},
				"down": {"uv": [9, 0, 5, 1], "texture": "#2"}
			}
		},
		{
			"from": [3.68, 1.08, 7.46],
			"to": [4.68, 2.08, 8.46],
			"rotation": {"angle": 0, "axis": "y", "origin": [0, 0, 0]},
			"faces": {
				"north": {"uv": [9, 1, 10, 2], "texture": "#2"},
				"east": {"uv": [8, 1, 9, 2], "texture": "#2"},
				"south": {"uv": [11, 1, 12, 2], "texture": "#2"},
				"west": {"uv": [10, 1, 11, 2], "texture": "#2"},
				"up": {"uv": [10, 1, 9, 0], "texture": "#2"},
				"down": {"uv": [11, 0, 10, 1], "texture": "#2"}
			}
		},
		{
			"from": [3.68, 0, 7.46],
			"to": [4.68, 1, 8.46],
			"rotation": {"angle": 0, "axis": "y", "origin": [0, 0, 0]},
			"faces": {
				"north": {"uv": [9, 1, 10, 2], "texture": "#2"},
				"east": {"uv": [8, 1, 9, 2], "texture": "#2"},
				"south": {"uv": [11, 1, 12, 2], "texture": "#2"},
				"west": {"uv": [10, 1, 11, 2], "texture": "#2"},
				"up": {"uv": [10, 1, 9, 0], "texture": "#2"},
				"down": {"uv": [11, 0, 10, 1], "texture": "#2"}
			}
		},
		{
			"from": [4.22, 0.54, 7.46],
			"to": [5.22, 1.54, 8.46],
			"rotation": {"angle": 0, "axis": "y", "origin": [0, 0, 0]},
			"faces": {
				"north": {"uv": [9, 1, 10, 2], "texture": "#2"},
				"east": {"uv": [8, 1, 9, 2], "texture": "#2"},
				"south": {"uv": [11, 1, 12, 2], "texture": "#2"},
				"west": {"uv": [10, 1, 11, 2], "texture": "#2"},
				"up": {"uv": [10, 1, 9, 0], "texture": "#2"},
				"down": {"uv": [11, 0, 10, 1], "texture": "#2"}
			}
		},
		{
			"from": [4.76, 1.08, 7.46],
			"to": [5.76, 2.08, 8.46],
			"rotation": {"angle": 0, "axis": "y", "origin": [0, 0, 0]},
			"faces": {
				"north": {"uv": [9, 1, 10, 2], "texture": "#2"},
				"east": {"uv": [8, 1, 9, 2], "texture": "#2"},
				"south": {"uv": [11, 1, 12, 2], "texture": "#2"},
				"west": {"uv": [10, 1, 11, 2], "texture": "#2"},
				"up": {"uv": [10, 1, 9, 0], "texture": "#2"},
				"down": {"uv": [11, 0, 10, 1], "texture": "#2"}
			}
		},
		{
			"from": [12.32, 2.16, 7.46],
			"to": [13.32, 3.16, 8.46],
			"rotation": {"angle": 0, "axis": "y", "origin": [0, 0, 0]},
			"faces": {
				"north": {"uv": [9, 1, 10, 2], "texture": "#2"},
				"east": {"uv": [8, 1, 9, 2], "texture": "#2"},
				"south": {"uv": [11, 1, 12, 2], "texture": "#2"},
				"west": {"uv": [10, 1, 11, 2], "texture": "#2"},
				"up": {"uv": [10, 1, 9, 0], "texture": "#2"},
				"down": {"uv": [11, 0, 10, 1], "texture": "#2"}
			}
		},
		{
			"from": [11.78, 1.08, 7.46],
			"to": [12.78, 2.08, 8.46],
			"rotation": {"angle": 0, "axis": "y", "origin": [0, 0, 0]},
			"faces": {
				"north": {"uv": [9, 1, 10, 2], "texture": "#2"},
				"east": {"uv": [8, 1, 9, 2], "texture": "#2"},
				"south": {"uv": [11, 1, 12, 2], "texture": "#2"},
				"west": {"uv": [10, 1, 11, 2], "texture": "#2"},
				"up": {"uv": [10, 1, 9, 0], "texture": "#2"},
				"down": {"uv": [11, 0, 10, 1], "texture": "#2"}
			}
		},
		{
			"from": [11.78, 0, 7.46],
			"to": [12.78, 1, 8.46],
			"rotation": {"angle": 0, "axis": "y", "origin": [0, 0, 0]},
			"faces": {
				"north": {"uv": [9, 1, 10, 2], "texture": "#2"},
				"east": {"uv": [8, 1, 9, 2], "texture": "#2"},
				"south": {"uv": [11, 1, 12, 2], "texture": "#2"},
				"west": {"uv": [10, 1, 11, 2], "texture": "#2"},
				"up": {"uv": [10, 1, 9, 0], "texture": "#2"},
				"down": {"uv": [11, 0, 10, 1], "texture": "#2"}
			}
		},
		{
			"from": [11.24, 0.54, 7.46],
			"to": [12.24, 1.54, 8.46],
			"rotation": {"angle": 0, "axis": "y", "origin": [0, 0, 0]},
			"faces": {
				"north": {"uv": [9, 1, 10, 2], "texture": "#2"},
				"east": {"uv": [8, 1, 9, 2], "texture": "#2"},
				"south": {"uv": [11, 1, 12, 2], "texture": "#2"},
				"west": {"uv": [10, 1, 11, 2], "texture": "#2"},
				"up": {"uv": [10, 1, 9, 0], "texture": "#2"},
				"down": {"uv": [11, 0, 10, 1], "texture": "#2"}
			}
		},
		{
			"from": [10.7, 1.08, 7.46],
			"to": [11.7, 2.08, 8.46],
			"rotation": {"angle": 0, "axis": "y", "origin": [0, 0, 0]},
			"faces": {
				"north": {"uv": [9, 1, 10, 2], "texture": "#2"},
				"east": {"uv": [8, 1, 9, 2], "texture": "#2"},
				"south": {"uv": [11, 1, 12, 2], "texture": "#2"},
				"west": {"uv": [10, 1, 11, 2], "texture": "#2"},
				"up": {"uv": [10, 1, 9, 0], "texture": "#2"},
				"down": {"uv": [11, 0, 10, 1], "texture": "#2"}
			}
		},
		{
			"from": [10.16, 1.62, 7.46],
			"to": [11.16, 2.62, 8.46],
			"rotation": {"angle": 0, "axis": "y", "origin": [0, 0, 0]},
			"faces": {
				"north": {"uv": [9, 1, 10, 2], "texture": "#2"},
				"east": {"uv": [8, 1, 9, 2], "texture": "#2"},
				"south": {"uv": [11, 1, 12, 2], "texture": "#2"},
				"west": {"uv": [10, 1, 11, 2], "texture": "#2"},
				"up": {"uv": [10, 1, 9, 0], "texture": "#2"},
				"down": {"uv": [11, 0, 10, 1], "texture": "#2"}
			}
		},
		{
			"from": [5.3, 1.62, 7.46],
			"to": [6.3, 2.62, 8.46],
			"rotation": {"angle": 0, "axis": "y", "origin": [0, 0, 0]},
			"faces": {
				"north": {"uv": [9, 1, 10, 2], "texture": "#2"},
				"east": {"uv": [8, 1, 9, 2], "texture": "#2"},
				"south": {"uv": [11, 1, 12, 2], "texture": "#2"},
				"west": {"uv": [10, 1, 11, 2], "texture": "#2"},
				"up": {"uv": [10, 1, 9, 0], "texture": "#2"},
				"down": {"uv": [11, 0, 10, 1], "texture": "#2"}
			}
		},
		{
			"from": [5.84, 1.62, 7.46],
			"to": [6.84, 5.62, 8.46],
			"rotation": {"angle": 0, "axis": "y", "origin": [0, 0, 0]},
			"faces": {
				"north": {"uv": [9, 1, 10, 5], "texture": "#2"},
				"east": {"uv": [8, 1, 9, 5], "texture": "#2"},
				"south": {"uv": [11, 1, 12, 5], "texture": "#2"},
				"west": {"uv": [10, 1, 11, 5], "texture": "#2"},
				"up": {"uv": [10, 1, 9, 0], "texture": "#2"},
				"down": {"uv": [11, 0, 10, 1], "texture": "#2"}
			}
		},
		{
			"from": [9.62, 1.62, 7.46],
			"to": [10.62, 5.62, 8.46],
			"rotation": {"angle": 0, "axis": "y", "origin": [0, 0, 0]},
			"faces": {
				"north": {"uv": [9, 1, 10, 5], "texture": "#2"},
				"east": {"uv": [8, 1, 9, 5], "texture": "#2"},
				"south": {"uv": [11, 1, 12, 5], "texture": "#2"},
				"west": {"uv": [10, 1, 11, 5], "texture": "#2"},
				"up": {"uv": [10, 1, 9, 0], "texture": "#2"},
				"down": {"uv": [11, 0, 10, 1], "texture": "#2"}
			}
		},
		{
			"from": [5.84, 1.62, 6.38],
			"to": [6.84, 5.62, 7.38],
			"rotation": {"angle": 0, "axis": "y", "origin": [0, 0, 0]},
			"faces": {
				"north": {"uv": [9, 1, 10, 5], "texture": "#2"},
				"east": {"uv": [8, 1, 9, 5], "texture": "#2"},
				"south": {"uv": [11, 1, 12, 5], "texture": "#2"},
				"west": {"uv": [10, 1, 11, 5], "texture": "#2"},
				"up": {"uv": [10, 1, 9, 0], "texture": "#2"},
				"down": {"uv": [11, 0, 10, 1], "texture": "#2"}
			}
		},
		{
			"from": [9.62, 1.62, 6.38],
			"to": [10.62, 5.62, 7.38],
			"rotation": {"angle": 0, "axis": "y", "origin": [0, 0, 0]},
			"faces": {
				"north": {"uv": [9, 1, 10, 5], "texture": "#2"},
				"east": {"uv": [8, 1, 9, 5], "texture": "#2"},
				"south": {"uv": [11, 1, 12, 5], "texture": "#2"},
				"west": {"uv": [10, 1, 11, 5], "texture": "#2"},
				"up": {"uv": [10, 1, 9, 0], "texture": "#2"},
				"down": {"uv": [11, 0, 10, 1], "texture": "#2"}
			}
		},
		{
			"from": [9.62, 5.4, 9.08],
			"to": [10.62, 9.4, 10.08],
			"rotation": {"angle": 0, "axis": "y", "origin": [0, 0, 0]},
			"faces": {
				"north": {"uv": [9, 1, 10, 5], "texture": "#2"},
				"east": {"uv": [8, 1, 9, 5], "texture": "#2"},
				"south": {"uv": [11, 1, 12, 5], "texture": "#2"},
				"west": {"uv": [10, 1, 11, 5], "texture": "#2"},
				"up": {"uv": [10, 1, 9, 0], "texture": "#2"},
				"down": {"uv": [11, 0, 10, 1], "texture": "#2"}
			}
		},
		{
			"from": [5.84, 5.4, 9.08],
			"to": [6.84, 9.4, 10.08],
			"rotation": {"angle": 0, "axis": "y", "origin": [0, 0, 0]},
			"faces": {
				"north": {"uv": [9, 1, 10, 5], "texture": "#2"},
				"east": {"uv": [8, 1, 9, 5], "texture": "#2"},
				"south": {"uv": [11, 1, 12, 5], "texture": "#2"},
				"west": {"uv": [10, 1, 11, 5], "texture": "#2"},
				"up": {"uv": [10, 1, 9, 0], "texture": "#2"},
				"down": {"uv": [11, 0, 10, 1], "texture": "#2"}
			}
		},
		{
			"from": [9.62, 5.4, 8],
			"to": [10.62, 7.4, 9],
			"rotation": {"angle": 0, "axis": "y", "origin": [0, 0, 0]},
			"faces": {
				"north": {"uv": [9, 1, 10, 3], "texture": "#2"},
				"east": {"uv": [8, 1, 9, 3], "texture": "#2"},
				"south": {"uv": [11, 1, 12, 3], "texture": "#2"},
				"west": {"uv": [10, 1, 11, 3], "texture": "#2"},
				"up": {"uv": [10, 1, 9, 0], "texture": "#2"},
				"down": {"uv": [11, 0, 10, 1], "texture": "#2"}
			}
		},
		{
			"from": [5.84, 5.4, 8],
			"to": [6.84, 7.4, 9],
			"rotation": {"angle": 0, "axis": "y", "origin": [0, 0, 0]},
			"faces": {
				"north": {"uv": [9, 1, 10, 3], "texture": "#2"},
				"east": {"uv": [8, 1, 9, 3], "texture": "#2"},
				"south": {"uv": [11, 1, 12, 3], "texture": "#2"},
				"west": {"uv": [10, 1, 11, 3], "texture": "#2"},
				"up": {"uv": [10, 1, 9, 0], "texture": "#2"},
				"down": {"uv": [11, 0, 10, 1], "texture": "#2"}
			}
		},
		{
			"from": [9.62, 7.56, 8],
			"to": [10.62, 9.56, 9],
			"rotation": {"angle": 0, "axis": "y", "origin": [0, 0, 0]},
			"faces": {
				"north": {"uv": [9, 1, 10, 3], "texture": "#2"},
				"east": {"uv": [8, 1, 9, 3], "texture": "#2"},
				"south": {"uv": [11, 1, 12, 3], "texture": "#2"},
				"west": {"uv": [10, 1, 11, 3], "texture": "#2"},
				"up": {"uv": [10, 1, 9, 0], "texture": "#2"},
				"down": {"uv": [11, 0, 10, 1], "texture": "#2"}
			}
		},
		{
			"from": [5.84, 7.56, 8],
			"to": [6.84, 9.56, 9],
			"rotation": {"angle": 0, "axis": "y", "origin": [0, 0, 0]},
			"faces": {
				"north": {"uv": [9, 1, 10, 3], "texture": "#2"},
				"east": {"uv": [8, 1, 9, 3], "texture": "#2"},
				"south": {"uv": [11, 1, 12, 3], "texture": "#2"},
				"west": {"uv": [10, 1, 11, 3], "texture": "#2"},
				"up": {"uv": [10, 1, 9, 0], "texture": "#2"},
				"down": {"uv": [11, 0, 10, 1], "texture": "#2"}
			}
		},
		{
			"from": [6.38, 5.4, 5.84],
			"to": [7.38, 9.4, 6.84],
			"rotation": {"angle": 0, "axis": "y", "origin": [0, 0, 0]},
			"faces": {
				"north": {"uv": [9, 1, 10, 5], "texture": "#2"},
				"east": {"uv": [8, 1, 9, 5], "texture": "#2"},
				"south": {"uv": [11, 1, 12, 5], "texture": "#2"},
				"west": {"uv": [10, 1, 11, 5], "texture": "#2"},
				"up": {"uv": [10, 1, 9, 0], "texture": "#2"},
				"down": {"uv": [11, 0, 10, 1], "texture": "#2"}
			}
		},
		{
			"from": [7.46, 5.4, 9.62],
			"to": [8.46, 9.4, 10.62],
			"rotation": {"angle": 0, "axis": "y", "origin": [0, 0, 0]},
			"faces": {
				"north": {"uv": [9, 1, 10, 5], "texture": "#2"},
				"east": {"uv": [8, 1, 9, 5], "texture": "#2"},
				"south": {"uv": [11, 1, 12, 5], "texture": "#2"},
				"west": {"uv": [10, 1, 11, 5], "texture": "#2"},
				"up": {"uv": [10, 1, 9, 0], "texture": "#2"},
				"down": {"uv": [11, 0, 10, 1], "texture": "#2"}
			}
		},
		{
			"from": [9.62, 5.4, 6.38],
			"to": [10.62, 9.4, 7.38],
			"rotation": {"angle": 0, "axis": "y", "origin": [0, 0, 0]},
			"faces": {
				"north": {"uv": [9, 1, 10, 5], "texture": "#2"},
				"east": {"uv": [8, 1, 9, 5], "texture": "#2"},
				"south": {"uv": [11, 1, 12, 5], "texture": "#2"},
				"west": {"uv": [10, 1, 11, 5], "texture": "#2"},
				"up": {"uv": [10, 1, 9, 0], "texture": "#2"},
				"down": {"uv": [11, 0, 10, 1], "texture": "#2"}
			}
		},
		{
			"from": [6.38, 5.4, 9.62],
			"to": [7.38, 9.4, 10.62],
			"rotation": {"angle": 0, "axis": "y", "origin": [0, 0, 0]},
			"faces": {
				"north": {"uv": [9, 1, 10, 5], "texture": "#2"},
				"east": {"uv": [8, 1, 9, 5], "texture": "#2"},
				"south": {"uv": [11, 1, 12, 5], "texture": "#2"},
				"west": {"uv": [10, 1, 11, 5], "texture": "#2"},
				"up": {"uv": [10, 1, 9, 0], "texture": "#2"},
				"down": {"uv": [11, 0, 10, 1], "texture": "#2"}
			}
		},
		{
			"from": [8.54, 5.4, 9.62],
			"to": [9.54, 9.4, 10.62],
			"rotation": {"angle": 0, "axis": "y", "origin": [0, 0, 0]},
			"faces": {
				"north": {"uv": [9, 1, 10, 5], "texture": "#2"},
				"east": {"uv": [8, 1, 9, 5], "texture": "#2"},
				"south": {"uv": [11, 1, 12, 5], "texture": "#2"},
				"west": {"uv": [10, 1, 11, 5], "texture": "#2"},
				"up": {"uv": [10, 1, 9, 0], "texture": "#2"},
				"down": {"uv": [11, 0, 10, 1], "texture": "#2"}
			}
		},
		{
			"from": [9.08, 5.4, 5.84],
			"to": [10.08, 9.4, 6.84],
			"rotation": {"angle": 0, "axis": "y", "origin": [0, 0, 0]},
			"faces": {
				"north": {"uv": [9, 1, 10, 5], "texture": "#2"},
				"east": {"uv": [8, 1, 9, 5], "texture": "#2"},
				"south": {"uv": [11, 1, 12, 5], "texture": "#2"},
				"west": {"uv": [10, 1, 11, 5], "texture": "#2"},
				"up": {"uv": [10, 1, 9, 0], "texture": "#2"},
				"down": {"uv": [11, 0, 10, 1], "texture": "#2"}
			}
		},
		{
			"from": [8, 7.56, 5.84],
			"to": [9, 9.56, 6.84],
			"rotation": {"angle": 0, "axis": "y", "origin": [0, 0, 0]},
			"faces": {
				"north": {"uv": [9, 1, 10, 3], "texture": "#2"},
				"east": {"uv": [8, 1, 9, 3], "texture": "#2"},
				"south": {"uv": [11, 1, 12, 3], "texture": "#2"},
				"west": {"uv": [10, 1, 11, 3], "texture": "#2"},
				"up": {"uv": [10, 1, 9, 0], "texture": "#2"},
				"down": {"uv": [11, 0, 10, 1], "texture": "#2"}
			}
		},
		{
			"from": [7.46, 14.58, 7.46],
			"to": [8.46, 15.58, 8.46],
			"rotation": {"angle": 0, "axis": "y", "origin": [0, 0, 0]},
			"faces": {
				"north": {"uv": [1, 10, 2, 11], "texture": "#2"},
				"east": {"uv": [0, 10, 1, 11], "texture": "#2"},
				"south": {"uv": [3, 10, 4, 11], "texture": "#2"},
				"west": {"uv": [2, 10, 3, 11], "texture": "#2"},
				"up": {"uv": [2, 10, 1, 9], "texture": "#2"},
				"down": {"uv": [3, 9, 2, 10], "texture": "#2"}
			}
		},
		{
			"from": [7.46, 12.42, 7.46],
			"to": [8.46, 14.42, 8.46],
			"rotation": {"angle": 0, "axis": "y", "origin": [0, 0, 0]},
			"faces": {
				"north": {"uv": [2, 2, 3, 4], "texture": "#2"},
				"east": {"uv": [1, 2, 2, 4], "texture": "#2"},
				"south": {"uv": [4, 2, 5, 4], "texture": "#2"},
				"west": {"uv": [3, 2, 4, 4], "texture": "#2"},
				"up": {"uv": [3, 2, 2, 1], "texture": "#2"},
				"down": {"uv": [4, 1, 3, 2], "texture": "#2"}
			}
		},
		{
			"from": [7.46, 10.26, 7.46],
			"to": [8.46, 12.26, 8.46],
			"rotation": {"angle": 0, "axis": "y", "origin": [0, 0, 0]},
			"faces": {
				"north": {"uv": [2, 2, 3, 4], "texture": "#2"},
				"east": {"uv": [1, 2, 2, 4], "texture": "#2"},
				"south": {"uv": [4, 2, 5, 4], "texture": "#2"},
				"west": {"uv": [3, 2, 4, 4], "texture": "#2"},
				"up": {"uv": [3, 2, 2, 1], "texture": "#2"},
				"down": {"uv": [4, 1, 3, 2], "texture": "#2"}
			}
		},
		{
			"from": [6.92, 10.26, 7.46],
			"to": [7.92, 11.26, 8.46],
			"rotation": {"angle": 0, "axis": "y", "origin": [0, 0, 0]},
			"faces": {
				"north": {"uv": [2, 2, 3, 3], "texture": "#2"},
				"east": {"uv": [1, 2, 2, 3], "texture": "#2"},
				"south": {"uv": [4, 2, 5, 3], "texture": "#2"},
				"west": {"uv": [3, 2, 4, 3], "texture": "#2"},
				"up": {"uv": [3, 2, 2, 1], "texture": "#2"},
				"down": {"uv": [4, 1, 3, 2], "texture": "#2"}
			}
		},
		{
			"from": [8.54, 10.26, 7.46],
			"to": [9.54, 11.26, 8.46],
			"rotation": {"angle": 0, "axis": "y", "origin": [0, 0, 0]},
			"faces": {
				"north": {"uv": [2, 2, 3, 3], "texture": "#2"},
				"east": {"uv": [1, 2, 2, 3], "texture": "#2"},
				"south": {"uv": [4, 2, 5, 3], "texture": "#2"},
				"west": {"uv": [3, 2, 4, 3], "texture": "#2"},
				"up": {"uv": [3, 2, 2, 1], "texture": "#2"},
				"down": {"uv": [4, 1, 3, 2], "texture": "#2"}
			}
		},
		{
			"from": [6.38, 9.18, 9.08],
			"to": [7.38, 10.18, 10.08],
			"rotation": {"angle": 0, "axis": "y", "origin": [0, 0, 0]},
			"faces": {
				"north": {"uv": [4, 12, 5, 13], "texture": "#2"},
				"east": {"uv": [3, 12, 4, 13], "texture": "#2"},
				"south": {"uv": [6, 12, 7, 13], "texture": "#2"},
				"west": {"uv": [5, 12, 6, 13], "texture": "#2"},
				"up": {"uv": [5, 12, 4, 11], "texture": "#2"},
				"down": {"uv": [6, 11, 5, 12], "texture": "#2"}
			}
		},
		{
			"from": [9.08, 9.18, 9.08],
			"to": [10.08, 10.18, 10.08],
			"rotation": {"angle": 0, "axis": "y", "origin": [0, 0, 0]},
			"faces": {
				"north": {"uv": [4, 12, 5, 13], "texture": "#2"},
				"east": {"uv": [3, 12, 4, 13], "texture": "#2"},
				"south": {"uv": [6, 12, 7, 13], "texture": "#2"},
				"west": {"uv": [5, 12, 6, 13], "texture": "#2"},
				"up": {"uv": [5, 12, 4, 11], "texture": "#2"},
				"down": {"uv": [6, 11, 5, 12], "texture": "#2"}
			}
		},
		{
			"from": [6.38, 9.18, 6.38],
			"to": [7.38, 10.18, 7.38],
			"rotation": {"angle": 0, "axis": "y", "origin": [0, 0, 0]},
			"faces": {
				"north": {"uv": [4, 12, 5, 13], "texture": "#2"},
				"east": {"uv": [3, 12, 4, 13], "texture": "#2"},
				"south": {"uv": [6, 12, 7, 13], "texture": "#2"},
				"west": {"uv": [5, 12, 6, 13], "texture": "#2"},
				"up": {"uv": [5, 12, 4, 11], "texture": "#2"},
				"down": {"uv": [6, 11, 5, 12], "texture": "#2"}
			}
		},
		{
			"from": [9.08, 9.18, 6.38],
			"to": [10.08, 10.18, 7.38],
			"rotation": {"angle": 0, "axis": "y", "origin": [0, 0, 0]},
			"faces": {
				"north": {"uv": [4, 12, 5, 13], "texture": "#2"},
				"east": {"uv": [3, 12, 4, 13], "texture": "#2"},
				"south": {"uv": [6, 12, 7, 13], "texture": "#2"},
				"west": {"uv": [5, 12, 6, 13], "texture": "#2"},
				"up": {"uv": [5, 12, 4, 11], "texture": "#2"},
				"down": {"uv": [6, 11, 5, 12], "texture": "#2"}
			}
		},
		{
			"from": [6.92, 10.26, 8.54],
			"to": [7.92, 11.26, 9.54],
			"rotation": {"angle": 0, "axis": "y", "origin": [0, 0, 0]},
			"faces": {
				"north": {"uv": [4, 12, 5, 13], "texture": "#2"},
				"east": {"uv": [3, 12, 4, 13], "texture": "#2"},
				"south": {"uv": [6, 12, 7, 13], "texture": "#2"},
				"west": {"uv": [5, 12, 6, 13], "texture": "#2"},
				"up": {"uv": [5, 12, 4, 11], "texture": "#2"},
				"down": {"uv": [6, 11, 5, 12], "texture": "#2"}
			}
		},
		{
			"from": [8.54, 10.26, 8.54],
			"to": [9.54, 11.26, 9.54],
			"rotation": {"angle": 0, "axis": "y", "origin": [0, 0, 0]},
			"faces": {
				"north": {"uv": [4, 12, 5, 13], "texture": "#2"},
				"east": {"uv": [3, 12, 4, 13], "texture": "#2"},
				"south": {"uv": [6, 12, 7, 13], "texture": "#2"},
				"west": {"uv": [5, 12, 6, 13], "texture": "#2"},
				"up": {"uv": [5, 12, 4, 11], "texture": "#2"},
				"down": {"uv": [6, 11, 5, 12], "texture": "#2"}
			}
		},
		{
			"from": [6.92, 10.26, 6.92],
			"to": [7.92, 11.26, 7.92],
			"rotation": {"angle": 0, "axis": "y", "origin": [0, 0, 0]},
			"faces": {
				"north": {"uv": [4, 12, 5, 13], "texture": "#2"},
				"east": {"uv": [3, 12, 4, 13], "texture": "#2"},
				"south": {"uv": [6, 12, 7, 13], "texture": "#2"},
				"west": {"uv": [5, 12, 6, 13], "texture": "#2"},
				"up": {"uv": [5, 12, 4, 11], "texture": "#2"},
				"down": {"uv": [6, 11, 5, 12], "texture": "#2"}
			}
		},
		{
			"from": [8.54, 10.26, 6.92],
			"to": [9.54, 11.26, 7.92],
			"rotation": {"angle": 0, "axis": "y", "origin": [0, 0, 0]},
			"faces": {
				"north": {"uv": [4, 12, 5, 13], "texture": "#2"},
				"east": {"uv": [3, 12, 4, 13], "texture": "#2"},
				"south": {"uv": [6, 12, 7, 13], "texture": "#2"},
				"west": {"uv": [5, 12, 6, 13], "texture": "#2"},
				"up": {"uv": [5, 12, 4, 11], "texture": "#2"},
				"down": {"uv": [6, 11, 5, 12], "texture": "#2"}
			}
		},
		{
			"from": [6.92, 9.18, 6.38],
			"to": [8.92, 10.18, 7.38],
			"rotation": {"angle": 0, "axis": "y", "origin": [0, 0, 0]},
			"faces": {
				"north": {"uv": [2, 2, 4, 3], "texture": "#2"},
				"east": {"uv": [1, 2, 2, 3], "texture": "#2"},
				"south": {"uv": [5, 2, 7, 3], "texture": "#2"},
				"west": {"uv": [4, 2, 5, 3], "texture": "#2"},
				"up": {"uv": [4, 2, 2, 1], "texture": "#2"},
				"down": {"uv": [6, 1, 4, 2], "texture": "#2"}
			}
		},
		{
			"from": [7.46, 10.26, 6.92],
			"to": [8.46, 11.26, 7.92],
			"rotation": {"angle": 0, "axis": "y", "origin": [0, 0, 0]},
			"faces": {
				"north": {"uv": [2, 2, 3, 3], "texture": "#2"},
				"east": {"uv": [1, 2, 2, 3], "texture": "#2"},
				"south": {"uv": [4, 2, 5, 3], "texture": "#2"},
				"west": {"uv": [3, 2, 4, 3], "texture": "#2"},
				"up": {"uv": [3, 2, 2, 1], "texture": "#2"},
				"down": {"uv": [4, 1, 3, 2], "texture": "#2"}
			}
		},
		{
			"from": [7.46, 10.26, 8.54],
			"to": [8.46, 11.26, 9.54],
			"rotation": {"angle": 0, "axis": "y", "origin": [0, 0, 0]},
			"faces": {
				"north": {"uv": [2, 2, 3, 3], "texture": "#2"},
				"east": {"uv": [1, 2, 2, 3], "texture": "#2"},
				"south": {"uv": [4, 2, 5, 3], "texture": "#2"},
				"west": {"uv": [3, 2, 4, 3], "texture": "#2"},
				"up": {"uv": [3, 2, 2, 1], "texture": "#2"},
				"down": {"uv": [4, 1, 3, 2], "texture": "#2"}
			}
		},
		{
			"from": [6.92, 9.18, 9.08],
			"to": [8.92, 10.18, 10.08],
			"rotation": {"angle": 0, "axis": "y", "origin": [0, 0, 0]},
			"faces": {
				"north": {"uv": [2, 2, 4, 3], "texture": "#2"},
				"east": {"uv": [1, 2, 2, 3], "texture": "#2"},
				"south": {"uv": [5, 2, 7, 3], "texture": "#2"},
				"west": {"uv": [4, 2, 5, 3], "texture": "#2"},
				"up": {"uv": [4, 2, 2, 1], "texture": "#2"},
				"down": {"uv": [6, 1, 4, 2], "texture": "#2"}
			}
		},
		{
			"from": [9.08, 9.18, 6.92],
			"to": [10.08, 10.18, 8.92],
			"rotation": {"angle": 0, "axis": "y", "origin": [0, 0, 0]},
			"faces": {
				"north": {"uv": [3, 2, 4, 3], "texture": "#2"},
				"east": {"uv": [1, 2, 3, 3], "texture": "#2"},
				"south": {"uv": [6, 2, 7, 3], "texture": "#2"},
				"west": {"uv": [4, 2, 6, 3], "texture": "#2"},
				"up": {"uv": [4, 2, 3, 0], "texture": "#2"},
				"down": {"uv": [5, 0, 4, 2], "texture": "#2"}
			}
		},
		{
			"from": [6.38, 9.18, 6.92],
			"to": [7.38, 10.18, 8.92],
			"rotation": {"angle": 0, "axis": "y", "origin": [0, 0, 0]},
			"faces": {
				"north": {"uv": [3, 2, 4, 3], "texture": "#2"},
				"east": {"uv": [1, 2, 3, 3], "texture": "#2"},
				"south": {"uv": [6, 2, 7, 3], "texture": "#2"},
				"west": {"uv": [4, 2, 6, 3], "texture": "#2"},
				"up": {"uv": [4, 2, 3, 0], "texture": "#2"},
				"down": {"uv": [5, 0, 4, 2], "texture": "#2"}
			}
		},
		{
			"from": [6.92, 7.56, 5.84],
			"to": [7.92, 9.56, 6.84],
			"rotation": {"angle": 0, "axis": "y", "origin": [0, 0, 0]},
			"faces": {
				"north": {"uv": [9, 1, 10, 3], "texture": "#2"},
				"east": {"uv": [8, 1, 9, 3], "texture": "#2"},
				"south": {"uv": [11, 1, 12, 3], "texture": "#2"},
				"west": {"uv": [10, 1, 11, 3], "texture": "#2"},
				"up": {"uv": [10, 1, 9, 0], "texture": "#2"},
				"down": {"uv": [11, 0, 10, 1], "texture": "#2"}
			}
		},
		{
			"from": [9.62, 7.02, 8],
			"to": [10.62, 8.02, 9],
			"rotation": {"angle": 0, "axis": "y", "origin": [0, 0, 0]},
			"faces": {
				"north": {"uv": [9, 1, 10, 2], "texture": "#2"},
				"east": {"uv": [8, 1, 9, 2], "texture": "#2"},
				"south": {"uv": [11, 1, 12, 2], "texture": "#2"},
				"west": {"uv": [10, 1, 11, 2], "texture": "#2"},
				"up": {"uv": [10, 1, 9, 0], "texture": "#2"},
				"down": {"uv": [11, 0, 10, 1], "texture": "#2"}
			}
		},
		{
			"from": [5.84, 7.02, 8],
			"to": [6.84, 8.02, 9],
			"rotation": {"angle": 0, "axis": "y", "origin": [0, 0, 0]},
			"faces": {
				"north": {"uv": [9, 1, 10, 2], "texture": "#2"},
				"east": {"uv": [8, 1, 9, 2], "texture": "#2"},
				"south": {"uv": [11, 1, 12, 2], "texture": "#2"},
				"west": {"uv": [10, 1, 11, 2], "texture": "#2"},
				"up": {"uv": [10, 1, 9, 0], "texture": "#2"},
				"down": {"uv": [11, 0, 10, 1], "texture": "#2"}
			}
		},
		{
			"from": [9.62, 7.02, 6.92],
			"to": [10.62, 8.02, 7.92],
			"rotation": {"angle": 0, "axis": "y", "origin": [0, 0, 0]},
			"faces": {
				"north": {"uv": [9, 1, 10, 2], "texture": "#2"},
				"east": {"uv": [8, 1, 9, 2], "texture": "#2"},
				"south": {"uv": [11, 1, 12, 2], "texture": "#2"},
				"west": {"uv": [10, 1, 11, 2], "texture": "#2"},
				"up": {"uv": [10, 1, 9, 0], "texture": "#2"},
				"down": {"uv": [11, 0, 10, 1], "texture": "#2"}
			}
		},
		{
			"from": [5.84, 7.02, 6.92],
			"to": [6.84, 8.02, 7.92],
			"rotation": {"angle": 0, "axis": "y", "origin": [0, 0, 0]},
			"faces": {
				"north": {"uv": [9, 1, 10, 2], "texture": "#2"},
				"east": {"uv": [8, 1, 9, 2], "texture": "#2"},
				"south": {"uv": [11, 1, 12, 2], "texture": "#2"},
				"west": {"uv": [10, 1, 11, 2], "texture": "#2"},
				"up": {"uv": [10, 1, 9, 0], "texture": "#2"},
				"down": {"uv": [11, 0, 10, 1], "texture": "#2"}
			}
		},
		{
			"from": [9.62, 5.4, 6.92],
			"to": [10.62, 7.4, 7.92],
			"rotation": {"angle": 0, "axis": "y", "origin": [0, 0, 0]},
			"faces": {
				"north": {"uv": [9, 1, 10, 3], "texture": "#2"},
				"east": {"uv": [8, 1, 9, 3], "texture": "#2"},
				"south": {"uv": [11, 1, 12, 3], "texture": "#2"},
				"west": {"uv": [10, 1, 11, 3], "texture": "#2"},
				"up": {"uv": [10, 1, 9, 0], "texture": "#2"},
				"down": {"uv": [11, 0, 10, 1], "texture": "#2"}
			}
		},
		{
			"from": [5.84, 5.4, 6.92],
			"to": [6.84, 7.4, 7.92],
			"rotation": {"angle": 0, "axis": "y", "origin": [0, 0, 0]},
			"faces": {
				"north": {"uv": [9, 1, 10, 3], "texture": "#2"},
				"east": {"uv": [8, 1, 9, 3], "texture": "#2"},
				"south": {"uv": [11, 1, 12, 3], "texture": "#2"},
				"west": {"uv": [10, 1, 11, 3], "texture": "#2"},
				"up": {"uv": [10, 1, 9, 0], "texture": "#2"},
				"down": {"uv": [11, 0, 10, 1], "texture": "#2"}
			}
		},
		{
			"from": [9.62, 7.56, 6.92],
			"to": [10.62, 9.56, 7.92],
			"rotation": {"angle": 0, "axis": "y", "origin": [0, 0, 0]},
			"faces": {
				"north": {"uv": [9, 1, 10, 3], "texture": "#2"},
				"east": {"uv": [8, 1, 9, 3], "texture": "#2"},
				"south": {"uv": [11, 1, 12, 3], "texture": "#2"},
				"west": {"uv": [10, 1, 11, 3], "texture": "#2"},
				"up": {"uv": [10, 1, 9, 0], "texture": "#2"},
				"down": {"uv": [11, 0, 10, 1], "texture": "#2"}
			}
		},
		{
			"from": [5.84, 7.56, 6.92],
			"to": [6.84, 9.56, 7.92],
			"rotation": {"angle": 0, "axis": "y", "origin": [0, 0, 0]},
			"faces": {
				"north": {"uv": [9, 1, 10, 3], "texture": "#2"},
				"east": {"uv": [8, 1, 9, 3], "texture": "#2"},
				"south": {"uv": [11, 1, 12, 3], "texture": "#2"},
				"west": {"uv": [10, 1, 11, 3], "texture": "#2"},
				"up": {"uv": [10, 1, 9, 0], "texture": "#2"},
				"down": {"uv": [11, 0, 10, 1], "texture": "#2"}
			}
		},
		{
			"from": [5.84, 5.4, 5.84],
			"to": [6.84, 9.4, 6.84],
			"rotation": {"angle": 0, "axis": "y", "origin": [0, 0, 0]},
			"faces": {
				"north": {"uv": [9, 1, 10, 5], "texture": "#2"},
				"east": {"uv": [8, 1, 9, 5], "texture": "#2"},
				"south": {"uv": [11, 1, 12, 5], "texture": "#2"},
				"west": {"uv": [10, 1, 11, 5], "texture": "#2"},
				"up": {"uv": [10, 1, 9, 0], "texture": "#2"},
				"down": {"uv": [11, 0, 10, 1], "texture": "#2"}
			}
		},
		{
			"from": [5.84, 1.62, 8.54],
			"to": [6.84, 5.62, 9.54],
			"rotation": {"angle": 0, "axis": "y", "origin": [0, 0, 0]},
			"faces": {
				"north": {"uv": [9, 1, 10, 5], "texture": "#2"},
				"east": {"uv": [8, 1, 9, 5], "texture": "#2"},
				"south": {"uv": [11, 1, 12, 5], "texture": "#2"},
				"west": {"uv": [10, 1, 11, 5], "texture": "#2"},
				"up": {"uv": [10, 1, 9, 0], "texture": "#2"},
				"down": {"uv": [11, 0, 10, 1], "texture": "#2"}
			}
		},
		{
			"from": [9.62, 1.62, 8.54],
			"to": [10.62, 5.62, 9.54],
			"rotation": {"angle": 0, "axis": "y", "origin": [0, 0, 0]},
			"faces": {
				"north": {"uv": [9, 1, 10, 5], "texture": "#2"},
				"east": {"uv": [8, 1, 9, 5], "texture": "#2"},
				"south": {"uv": [11, 1, 12, 5], "texture": "#2"},
				"west": {"uv": [10, 1, 11, 5], "texture": "#2"},
				"up": {"uv": [10, 1, 9, 0], "texture": "#2"},
				"down": {"uv": [11, 0, 10, 1], "texture": "#2"}
			}
		},
		{
			"from": [5.84, 1.62, 9.62],
			"to": [6.84, 5.62, 10.62],
			"rotation": {"angle": 0, "axis": "y", "origin": [0, 0, 0]},
			"faces": {
				"north": {"uv": [1, 1, 2, 5], "texture": "#2"},
				"east": {"uv": [0, 1, 1, 5], "texture": "#2"},
				"south": {"uv": [3, 1, 4, 5], "texture": "#2"},
				"west": {"uv": [2, 1, 3, 5], "texture": "#2"},
				"up": {"uv": [2, 1, 1, 0], "texture": "#2"},
				"down": {"uv": [3, 0, 2, 1], "texture": "#2"}
			}
		},
		{
			"from": [5.84, 1.62, 5.84],
			"to": [6.84, 5.62, 6.84],
			"rotation": {"angle": 0, "axis": "y", "origin": [0, 0, 0]},
			"faces": {
				"north": {"uv": [1, 1, 2, 5], "texture": "#2"},
				"east": {"uv": [0, 1, 1, 5], "texture": "#2"},
				"south": {"uv": [3, 1, 4, 5], "texture": "#2"},
				"west": {"uv": [2, 1, 3, 5], "texture": "#2"},
				"up": {"uv": [2, 1, 1, 0], "texture": "#2"},
				"down": {"uv": [3, 0, 2, 1], "texture": "#2"}
			}
		},
		{
			"from": [6.38, 1.62, 9.62],
			"to": [10.38, 5.62, 10.62],
			"rotation": {"angle": 0, "axis": "y", "origin": [0, 0, 0]},
			"faces": {
				"north": {"uv": [1, 1, 5, 5], "texture": "#2"},
				"east": {"uv": [0, 1, 1, 5], "texture": "#2"},
				"south": {"uv": [6, 1, 10, 5], "texture": "#2"},
				"west": {"uv": [5, 1, 6, 5], "texture": "#2"},
				"up": {"uv": [5, 1, 1, 0], "texture": "#2"},
				"down": {"uv": [9, 0, 5, 1], "texture": "#2"}
			}
		},
		{
			"from": [6.92, 1.08, 9.08],
			"to": [9.92, 2.08, 10.08],
			"rotation": {"angle": 0, "axis": "y", "origin": [0, 0, 0]},
			"faces": {
				"north": {"uv": [1, 1, 4, 2], "texture": "#2"},
				"east": {"uv": [0, 1, 1, 2], "texture": "#2"},
				"south": {"uv": [5, 1, 8, 2], "texture": "#2"},
				"west": {"uv": [4, 1, 5, 2], "texture": "#2"},
				"up": {"uv": [4, 1, 1, 0], "texture": "#2"},
				"down": {"uv": [7, 0, 4, 1], "texture": "#2"}
			}
		},
		{
			"from": [6.92, 1.08, 5.84],
			"to": [9.92, 2.08, 6.84],
			"rotation": {"angle": 0, "axis": "y", "origin": [0, 0, 0]},
			"faces": {
				"north": {"uv": [1, 1, 4, 2], "texture": "#2"},
				"east": {"uv": [0, 1, 1, 2], "texture": "#2"},
				"south": {"uv": [5, 1, 8, 2], "texture": "#2"},
				"west": {"uv": [4, 1, 5, 2], "texture": "#2"},
				"up": {"uv": [4, 1, 1, 0], "texture": "#2"},
				"down": {"uv": [7, 0, 4, 1], "texture": "#2"}
			}
		},
		{
			"from": [5.84, 1.08, 8],
			"to": [6.84, 2.08, 9],
			"rotation": {"angle": 0, "axis": "y", "origin": [0, 0, 0]},
			"faces": {
				"north": {"uv": [1, 1, 2, 2], "texture": "#2"},
				"east": {"uv": [0, 1, 1, 2], "texture": "#2"},
				"south": {"uv": [3, 1, 4, 2], "texture": "#2"},
				"west": {"uv": [2, 1, 3, 2], "texture": "#2"},
				"up": {"uv": [2, 1, 1, 0], "texture": "#2"},
				"down": {"uv": [3, 0, 2, 1], "texture": "#2"}
			}
		},
		{
			"from": [5.84, 1.08, 6.92],
			"to": [6.84, 2.08, 7.92],
			"rotation": {"angle": 0, "axis": "y", "origin": [0, 0, 0]},
			"faces": {
				"north": {"uv": [1, 1, 2, 2], "texture": "#2"},
				"east": {"uv": [0, 1, 1, 2], "texture": "#2"},
				"south": {"uv": [3, 1, 4, 2], "texture": "#2"},
				"west": {"uv": [2, 1, 3, 2], "texture": "#2"},
				"up": {"uv": [2, 1, 1, 0], "texture": "#2"},
				"down": {"uv": [3, 0, 2, 1], "texture": "#2"}
			}
		},
		{
			"from": [5.84, 1.08, 9.08],
			"to": [6.84, 2.08, 10.08],
			"rotation": {"angle": 0, "axis": "y", "origin": [0, 0, 0]},
			"faces": {
				"north": {"uv": [1, 1, 2, 2], "texture": "#2"},
				"east": {"uv": [0, 1, 1, 2], "texture": "#2"},
				"south": {"uv": [3, 1, 4, 2], "texture": "#2"},
				"west": {"uv": [2, 1, 3, 2], "texture": "#2"},
				"up": {"uv": [2, 1, 1, 0], "texture": "#2"},
				"down": {"uv": [3, 0, 2, 1], "texture": "#2"}
			}
		},
		{
			"from": [5.84, 1.08, 5.84],
			"to": [6.84, 2.08, 6.84],
			"rotation": {"angle": 0, "axis": "y", "origin": [0, 0, 0]},
			"faces": {
				"north": {"uv": [1, 1, 2, 2], "texture": "#2"},
				"east": {"uv": [0, 1, 1, 2], "texture": "#2"},
				"south": {"uv": [3, 1, 4, 2], "texture": "#2"},
				"west": {"uv": [2, 1, 3, 2], "texture": "#2"},
				"up": {"uv": [2, 1, 1, 0], "texture": "#2"},
				"down": {"uv": [3, 0, 2, 1], "texture": "#2"}
			}
		},
		{
			"from": [6.92, 0.54, 6.92],
			"to": [8.92, 1.54, 8.92],
			"rotation": {"angle": 0, "axis": "y", "origin": [0, 0, 0]},
			"faces": {
				"north": {"uv": [2, 2, 4, 3], "texture": "#2"},
				"east": {"uv": [0, 2, 2, 3], "texture": "#2"},
				"south": {"uv": [6, 2, 8, 3], "texture": "#2"},
				"west": {"uv": [4, 2, 6, 3], "texture": "#2"},
				"up": {"uv": [4, 2, 2, 0], "texture": "#2"},
				"down": {"uv": [6, 0, 4, 2], "texture": "#2"}
			}
		},
		{
			"from": [6.38, 0, 6.38],
			"to": [9.38, 1, 7.38],
			"rotation": {"angle": 0, "axis": "y", "origin": [0, 0, 0]},
			"faces": {
				"north": {"uv": [1, 1, 4, 2], "texture": "#2"},
				"east": {"uv": [0, 1, 1, 2], "texture": "#2"},
				"south": {"uv": [5, 1, 8, 2], "texture": "#2"},
				"west": {"uv": [4, 1, 5, 2], "texture": "#2"},
				"up": {"uv": [4, 1, 1, 0], "texture": "#2"},
				"down": {"uv": [7, 0, 4, 1], "texture": "#2"}
			}
		}
	],
	"display": {
		"thirdperson_righthand": {
			"translation": [0, 7.25, 0]
		},
		"thirdperson_lefthand": {
			"translation": [0, 5.5, 2]
		},
		"firstperson_righthand": {
			"translation": [0.75, 5.5, 0]
		},
		"firstperson_lefthand": {
			"translation": [0.5, 5.75, 0]
		},
		"ground": {
			"translation": [0, 5.25, 0]
		},
		"gui": {
			"rotation": [10, -140, 0]
		},
		"head": {
			"translation": [0, 16.25, 0]
		},
		"fixed": {
			"translation": [0, 0, -2.5]
		}
	},
	"groups": [
		{
			"name": "bone",
			"origin": [0, 0, 0],
			"children": [0, 1, 2, 3, 4, 5, 6, 7, 8, 9, 10, 11, 12, 13, 14, 15, 16, 17, 18, 19, 20, 21, 22, 23, 24, 25, 26, 27, 28, 29, 30, 31, 32, 33, 34, 35, 36, 37, 38, 39, 40, 41, 42, 43, 44, 45, 46, 47, 48, 49, 50, 51, 52, 53, 54, 55, 56, 57, 58, 59, 60, 61, 62, 63, 64, 65, 66, 67, 68, 69, 70, 71, 72, 73, 74, 75, 76, 77, 78, 79, 80, 81, 82, 83, 84, 85, 86, 87, 88]
		}
	]
}