{
	"credit": "Made with Blockbench",
	"textures": {
		"1": "block/iron_block",
		"2": "block/redstone_block",
		"4": "Rocket/Rocket",
		"5": "Rocket Station/Rocket Batery",
		"particle": "Rocket/FlugzeugTexture2"
	},
	"elements": [
		{
			"from": [0, 0, 0],
			"to": [16, 16, 16],
			"faces": {
				"north": {"uv": [4.226, 0, 16, 16], "texture": "#4"},
				"east": {"uv": [4.89, 0, 16, 16], "texture": "#4"},
				"south": {"uv": [3.864, 0, 16, 16], "texture": "#4"},
				"west": {"uv": [4.166, 0, 16, 15.879], "texture": "#4"},
				"up": {"uv": [4.71, 0, 16, 16], "texture": "#4"},
				"down": {"uv": [3.622, 0, 16, 16], "texture": "#4"}
			}
		},
		{
			"from": [1, 16, 13],
			"to": [3, 18, 15],
			"faces": {
				"north": {"uv": [0, 0, 2, 2], "texture": "#2"},
				"east": {"uv": [0, 0, 2, 2], "texture": "#2"},
				"south": {"uv": [0, 0, 2, 2], "texture": "#2"},
				"west": {"uv": [0, 0, 2, 2], "texture": "#2"},
				"up": {"uv": [0, 0, 2, 2], "texture": "#2"},
				"down": {"uv": [0, 0, 2, 2], "texture": "#1"}
			}
		},
		{
			"from": [1, 16, 1],
			"to": [3, 18, 3],
			"faces": {
				"north": {"uv": [0, 0, 2, 2], "texture": "#2"},
				"east": {"uv": [0, 0, 2, 2], "texture": "#2"},
				"south": {"uv": [0, 0, 2, 2], "texture": "#2"},
				"west": {"uv": [0, 0, 2, 2], "texture": "#2"},
				"up": {"uv": [0, 0, 2, 2], "texture": "#2"},
				"down": {"uv": [0, 0, 2, 2], "texture": "#1"}
			}
		},
		{
			"from": [1, 16, 1],
			"to": [3, 18, 3],
			"faces": {
				"north": {"uv": [0, 0, 2, 2], "texture": "#2"},
				"east": {"uv": [0, 0, 2, 2], "texture": "#2"},
				"south": {"uv": [0, 0, 2, 2], "texture": "#2"},
				"west": {"uv": [0, 0, 2, 2], "texture": "#2"},
				"up": {"uv": [0, 0, 2, 2], "texture": "#2"},
				"down": {"uv": [0, 0, 2, 2], "texture": "#1"}
			}
		},
		{
			"from": [13, 16, 1],
			"to": [15, 18, 3],
			"faces": {
				"north": {"uv": [0, 0, 2, 2], "texture": "#2"},
				"east": {"uv": [0, 0, 2, 2], "texture": "#2"},
				"south": {"uv": [0, 0, 2, 2], "texture": "#2"},
				"west": {"uv": [0, 0, 2, 2], "texture": "#2"},
				"up": {"uv": [0, 0, 2, 2], "texture": "#2"},
				"down": {"uv": [0, 0, 2, 2], "texture": "#1"}
			}
		},
		{
			"from": [12, 17, 2],
			"to": [14, 19, 4],
			"faces": {
				"north": {"uv": [0, 0, 2, 2], "texture": "#2"},
				"east": {"uv": [0, 0, 2, 2], "texture": "#2"},
				"south": {"uv": [0, 0, 2, 2], "texture": "#2"},
				"west": {"uv": [0, 0, 2, 2], "texture": "#2"},
				"up": {"uv": [0, 0, 2, 2], "texture": "#2"},
				"down": {"uv": [0, 0, 2, 2], "texture": "#1"}
			}
		},
		{
			"from": [4, 17, 2],
			"to": [12, 19, 4],
			"faces": {
				"north": {"uv": [10.445, 11.592, 13.532, 14.075], "texture": "#4"},
				"east": {"uv": [8.332, 10.807, 12.747, 13.652], "texture": "#4"},
				"south": {"uv": [8.513, 10.989, 12.988, 14.014], "texture": "#4"},
				"west": {"uv": [10.626, 9.238, 15.584, 13.411], "texture": "#4"},
				"up": {"uv": [9.057, 10.747, 12.143, 13.471], "texture": "#4"},
				"down": {"uv": [7.366, 10.325, 14.498, 14.377], "texture": "#4"}
			}
		},
		{
			"from": [4, 17, 12],
			"to": [12, 19, 14],
			"faces": {
				"north": {"uv": [10.445, 11.592, 13.532, 14.075], "texture": "#4"},
				"east": {"uv": [8.332, 10.807, 12.747, 13.652], "texture": "#4"},
				"south": {"uv": [8.513, 10.989, 12.988, 14.014], "texture": "#4"},
				"west": {"uv": [10.626, 9.238, 15.584, 13.411], "texture": "#4"},
				"up": {"uv": [9.057, 10.747, 12.143, 13.471], "texture": "#4"},
				"down": {"uv": [7.366, 10.325, 14.498, 14.377], "texture": "#4"}
			}
		},
		{
			"from": [2, 17, 4],
			"to": [3, 19, 12],
			"faces": {
				"north": {"uv": [10.445, 11.592, 13.532, 14.075], "texture": "#4"},
				"east": {"uv": [8.332, 10.807, 12.747, 13.652], "texture": "#4"},
				"south": {"uv": [8.513, 10.989, 12.988, 14.014], "texture": "#4"},
				"west": {"uv": [10.626, 9.238, 15.584, 13.411], "texture": "#4"},
				"up": {"uv": [9.057, 10.747, 12.143, 13.471], "texture": "#4"},
				"down": {"uv": [7.366, 10.325, 14.498, 14.377], "texture": "#4"}
			}
		},
		{
			"from": [13, 17, 4],
			"to": [14, 19, 12],
			"faces": {
				"north": {"uv": [10.445, 11.592, 13.532, 14.075], "texture": "#4"},
				"east": {"uv": [8.332, 10.807, 12.747, 13.652], "texture": "#4"},
				"south": {"uv": [8.513, 10.989, 12.988, 14.014], "texture": "#4"},
				"west": {"uv": [10.626, 9.238, 15.584, 13.411], "texture": "#4"},
				"up": {"uv": [9.057, 10.747, 12.143, 13.471], "texture": "#4"},
				"down": {"uv": [7.366, 10.325, 14.498, 14.377], "texture": "#4"}
			}
		},
		{
			"from": [1, 16, 3],
			"to": [2, 18, 13],
			"faces": {
				"north": {"uv": [10.445, 11.592, 13.532, 14.075], "texture": "#4"},
				"east": {"uv": [8.332, 10.807, 12.747, 13.652], "texture": "#4"},
				"south": {"uv": [8.513, 10.989, 12.988, 14.014], "texture": "#4"},
				"west": {"uv": [10.626, 9.238, 15.584, 13.411], "texture": "#4"},
				"up": {"uv": [9.057, 10.747, 12.143, 13.471], "texture": "#4"},
				"down": {"uv": [7.366, 10.325, 14.498, 14.377], "texture": "#4"}
			}
		},
		{
			"from": [14, 16, 3],
			"to": [15, 18, 13],
			"faces": {
				"north": {"uv": [10.445, 11.592, 13.532, 14.075], "texture": "#4"},
				"east": {"uv": [8.332, 10.807, 12.747, 13.652], "texture": "#4"},
				"south": {"uv": [8.513, 10.989, 12.988, 14.014], "texture": "#4"},
				"west": {"uv": [10.626, 9.238, 15.584, 13.411], "texture": "#4"},
				"up": {"uv": [9.057, 10.747, 12.143, 13.471], "texture": "#4"},
				"down": {"uv": [7.366, 10.325, 14.498, 14.377], "texture": "#4"}
			}
		},
		{
			"from": [3, 16, 1],
			"to": [13, 18, 2],
			"faces": {
				"north": {"uv": [10.445, 11.592, 13.532, 14.075], "texture": "#4"},
				"east": {"uv": [8.332, 10.807, 12.747, 13.652], "texture": "#4"},
				"south": {"uv": [8.513, 10.989, 12.988, 14.014], "texture": "#4"},
				"west": {"uv": [10.626, 9.238, 15.584, 13.411], "texture": "#4"},
				"up": {"uv": [9.057, 10.747, 12.143, 13.471], "texture": "#4"},
				"down": {"uv": [7.366, 10.325, 14.498, 14.377], "texture": "#4"}
			}
		},
		{
			"from": [3, 16, 14],
			"to": [13, 18, 15],
			"faces": {
				"north": {"uv": [10.445, 11.592, 13.532, 14.075], "texture": "#4"},
				"east": {"uv": [8.332, 10.807, 12.747, 13.652], "texture": "#4"},
				"south": {"uv": [8.513, 10.989, 12.988, 14.014], "texture": "#4"},
				"west": {"uv": [10.626, 9.238, 15.584, 13.411], "texture": "#4"},
				"up": {"uv": [9.057, 10.747, 12.143, 13.471], "texture": "#4"},
				"down": {"uv": [7.366, 10.325, 14.498, 14.377], "texture": "#4"}
			}
		},
		{
			"from": [3, 19, 3],
			"to": [13, 20, 13],
			"faces": {
				"north": {"uv": [0, 0, 11, 2], "texture": "#2"},
				"east": {"uv": [0, 0, 10, 2], "texture": "#2"},
				"south": {"uv": [0, 0, 11, 2], "texture": "#2"},
				"west": {"uv": [0, 0, 10, 2], "texture": "#2"},
				"up": {"uv": [2, 2, 13, 12], "texture": "#2"},
				"down": {"uv": [0, 0, 11, 10], "texture": "#2"}
			}
		},
		{
			"from": [2, 17, 2],
			"to": [4, 19, 4],
			"faces": {
				"north": {"uv": [0, 0, 2, 2], "texture": "#2"},
				"east": {"uv": [0, 0, 2, 2], "texture": "#2"},
				"south": {"uv": [0, 0, 2, 2], "texture": "#2"},
				"west": {"uv": [0, 0, 2, 2], "texture": "#2"},
				"up": {"uv": [0, 0, 2, 2], "texture": "#2"},
				"down": {"uv": [0, 0, 2, 2], "texture": "#1"}
			}
		},
		{
			"from": [2, 17, 12],
			"to": [4, 19, 14],
			"faces": {
				"north": {"uv": [0, 0, 2, 2], "texture": "#2"},
				"east": {"uv": [0, 0, 2, 2], "texture": "#2"},
				"south": {"uv": [0, 0, 2, 2], "texture": "#2"},
				"west": {"uv": [0, 0, 2, 2], "texture": "#2"},
				"up": {"uv": [0, 0, 2, 2], "texture": "#2"},
				"down": {"uv": [0, 0, 2, 2], "texture": "#1"}
			}
		},
		{
			"from": [12, 17, 12],
			"to": [14, 19, 14],
			"faces": {
				"north": {"uv": [0, 0, 2, 2], "texture": "#2"},
				"east": {"uv": [0, 0, 2, 2], "texture": "#2"},
				"south": {"uv": [0, 0, 2, 2], "texture": "#2"},
				"west": {"uv": [0, 0, 2, 2], "texture": "#2"},
				"up": {"uv": [0, 0, 2, 2], "texture": "#2"},
				"down": {"uv": [0, 0, 2, 2], "texture": "#1"}
			}
		},
		{
			"from": [13, 16, 13],
			"to": [15, 18, 15],
			"faces": {
				"north": {"uv": [0, 0, 2, 2], "texture": "#2"},
				"east": {"uv": [0, 0, 2, 2], "texture": "#2"},
				"south": {"uv": [0, 0, 2, 2], "texture": "#2"},
				"west": {"uv": [0, 0, 2, 2], "texture": "#2"},
				"up": {"uv": [0, 0, 2, 2], "texture": "#2"},
				"down": {"uv": [0, 0, 2, 2], "texture": "#1"}
			}
		},
		{
			"from": [16, 0, 0],
			"to": [32, 13, 16],
			"faces": {
				"north": {"uv": [6.038, 1, 16, 14.543], "texture": "#4"},
				"east": {"uv": [0, 0, 16, 15], "texture": "#5"},
				"south": {"uv": [9.358, 1, 16, 9.049], "texture": "#4"},
				"west": {"uv": [0, 0, 16, 13], "texture": "#missing"},
				"up": {"uv": [4.649, 0, 16, 14.792], "texture": "#4"},
				"down": {"uv": [3.562, 0, 16, 16], "texture": "#4"}
			}
		},
		{
			"from": [-16, 0, 0],
			"to": [0, 13, 16],
			"faces": {
				"north": {"uv": [5.253, 8.453, 16, 15.294], "texture": "#4"},
				"east": {"uv": [0, 0, 16, 13], "texture": "#missing"},
				"south": {"uv": [4.347, 1, 16, 15.751], "texture": "#4"},
				"west": {"uv": [0, 0, 16, 15], "texture": "#5"},
				"up": {"uv": [5.071, 0, 16, 15.879], "texture": "#4"},
				"down": {"uv": [4.226, 0, 16, 15.819], "texture": "#4"}
			}
		},
		{
			"from": [0, 0, -16],
			"to": [16, 13, 0],
			"faces": {
				"north": {"uv": [0, 0, 16, 15], "texture": "#5"},
				"east": {"uv": [5.253, 2.026, 16, 14], "texture": "#4"},
				"south": {"uv": [0, 0, 16, 13], "texture": "#missing"},
				"west": {"uv": [5.071, 2.932, 16, 14], "texture": "#4"},
				"up": {"uv": [5.978, 5.978, 16, 16], "texture": "#4"},
				"down": {"uv": [3.562, 0, 16, 16], "texture": "#4"}
			}
		},
		{
			"from": [16, 0, -16],
			"to": [32, 8, 0],
			"faces": {
				"north": {"uv": [6.038, 1, 16, 12.683], "texture": "#4"},
				"east": {"uv": [5.494, 1, 16, 12.562], "texture": "#4"},
				"south": {"uv": [0, 0, 16, 8], "texture": "#missing"},
				"west": {"uv": [0, 0, 16, 8], "texture": "#missing"},
				"up": {"uv": [4.287, 0, 16, 16], "texture": "#4"},
				"down": {"uv": [3.803, 0, 16, 16], "texture": "#4"}
			}
		},
		{
			"from": [-16, 0, -16],
			"to": [0, 8, 0],
			"faces": {
				"north": {"uv": [5.011, 1.396, 16, 10], "texture": "#4"},
				"east": {"uv": [0, 0, 16, 8], "texture": "#missing"},
				"south": {"uv": [0, 0, 16, 8], "texture": "#missing"},
				"west": {"uv": [4.106, 0.671, 16, 10], "texture": "#4"},
				"up": {"uv": [4.106, 0, 16, 16], "texture": "#4"},
				"down": {"uv": [3.622, 0, 16, 15.879], "texture": "#4"}
			}
		},
		{
			"from": [-16, 0, 16],
			"to": [0, 8, 32],
			"faces": {
				"north": {"uv": [0, 0, 16, 8], "texture": "#missing"},
				"east": {"uv": [0, 0, 16, 8], "texture": "#missing"},
				"south": {"uv": [4.347, 1, 16, 12.502], "texture": "#4"},
				"west": {"uv": [4.347, 2, 16, 10.543], "texture": "#4"},
				"up": {"uv": [5.615, 0, 16, 15.396], "texture": "#4"},
				"down": {"uv": [4.106, 0, 16, 16], "texture": "#4"}
			}
		},
		{
			"from": [16, 0, 16],
			"to": [32, 8, 32],
			"faces": {
				"north": {"uv": [0, 0, 16, 8], "texture": "#missing"},
				"east": {"uv": [4.106, 1, 16, 10.811], "texture": "#4"},
				"south": {"uv": [5.978, 1, 16, 14.011], "texture": "#4"},
				"west": {"uv": [0, 0, 16, 8], "texture": "#missing"},
				"up": {"uv": [3.381, 0, 16, 16], "texture": "#4"},
				"down": {"uv": [3.502, 0, 16, 16], "texture": "#4"}
			}
		},
		{
			"from": [0, 0, 16],
			"to": [16, 13, 32],
			"faces": {
				"north": {"uv": [0, 0, 16, 13], "texture": "#missing"},
				"east": {"uv": [4.649, 1.57, 15.757, 15.776], "texture": "#4"},
				"south": {"uv": [0, 0, 15.972, 14.957], "texture": "#5"},
				"west": {"uv": [5.434, 1, 16, 14.845], "texture": "#4"},
				"up": {"uv": [4.589, 0, 16, 16], "texture": "#4"},
				"down": {"uv": [4.106, 0, 16, 16], "texture": "#4"}
			}
		}
	],
	"display": {
		"thirdperson_righthand": {
			"rotation": [85, -1, 1],
			"translation": [0, 2.5, -1.25],
			"scale": [0.3, 0.37, 0.3]
		},
		"thirdperson_lefthand": {
			"rotation": [77, 0, 0],
			"translation": [0, 5.5, -0.75],
			"scale": [0.3, 0.37, 0.3]
		},
		"firstperson_righthand": {
			"translation": [1.25, 0.25, 0],
			"scale": [0.33, 0.37, 0.3]
		},
		"firstperson_lefthand": {
			"translation": [0, 0.25, 0],
			"scale": [0.3, 0.37, 0.3]
		},
		"ground": {
			"translation": [0, 0.75, 0],
			"scale": [0.3, 0.37, 0.3]
		},
		"gui": {
			"rotation": [113, -3, -19],
			"translation": [0.25, -0.75, 0],
			"scale": [0.3, 0.43, 0.3]
		},
		"head": {
			"translation": [0, 13.5, 0]
		},
		"fixed": {
			"rotation": [-90, 0, 0],
			"translation": [0, 0, -2.75],
			"scale": [0.3, 0.37, 0.3]
		}
	}
}