{
	"credit": "Made with Blockbench",
	"parent": "RocketStation9",
	"textures": {
		"4": "Rocket/Rocket",
		"particle": "Rocket/FlugzeugTexture2"
	},
	"elements": [
		{
			"from": [-15, 0, 16],
			"to": [0, 2, 31],
			"faces": {
				"north": {"uv": [3.864, 0, 15.999, 8.543], "texture": "#4"},
				"east": {"uv": [3.864, 0, 15.999, 8.784], "texture": "#4"},
				"south": {"uv": [4.347, 1, 16, 12.502], "texture": "#4"},
				"west": {"uv": [4.347, 2, 16, 10.543], "texture": "#4"},
				"up": {"uv": [5.615, 0, 16, 15.396], "texture": "#4"},
				"down": {"uv": [4.106, 0, 16, 16], "texture": "#4"}
			}
		},
		{
			"from": [16, 0, 16],
			"to": [31, 2, 31],
			"rotation": {"angle": 0, "axis": "y", "origin": [40, 8, 8]},
			"faces": {
				"north": {"uv": [3.864, 0, 15.999, 8.543], "texture": "#4"},
				"east": {"uv": [3.864, 0, 15.999, 8.784], "texture": "#4"},
				"south": {"uv": [4.347, 1, 16, 12.502], "texture": "#4"},
				"west": {"uv": [4.347, 2, 16, 10.543], "texture": "#4"},
				"up": {"uv": [5.615, 0, 16, 15.396], "texture": "#4"},
				"down": {"uv": [4.106, 0, 16, 16], "texture": "#4"}
			}
		},
		{
			"from": [0, 0, 16],
			"to": [16, 2, 31],
			"rotation": {"angle": 0, "axis": "y", "origin": [24, 8, 8]},
			"faces": {
				"north": {"uv": [3.864, 0, 15.999, 8.543], "texture": "#4"},
				"east": {"uv": [3.864, 0, 15.999, 8.784], "texture": "#4"},
				"south": {"uv": [4.347, 1, 16, 12.502], "texture": "#4"},
				"west": {"uv": [4.347, 2, 16, 10.543], "texture": "#4"},
				"up": {"uv": [5.615, 0, 16, 15.396], "texture": "#4"},
				"down": {"uv": [4.106, 0, 16, 16], "texture": "#4"}
			}
		},
		{
			"from": [-15, 0, 0],
			"to": [0, 2, 16],
			"rotation": {"angle": 0, "axis": "y", "origin": [8, 8, -8]},
			"faces": {
				"north": {"uv": [3.864, 0, 15.999, 8.543], "texture": "#4"},
				"east": {"uv": [3.864, 0, 15.999, 8.784], "texture": "#4"},
				"south": {"uv": [4.347, 1, 16, 12.502], "texture": "#4"},
				"west": {"uv": [4.347, 2, 16, 10.543], "texture": "#4"},
				"up": {"uv": [5.615, 0, 16, 15.396], "texture": "#4"},
				"down": {"uv": [4.106, 0, 16, 16], "texture": "#4"}
			}
		},
		{
			"from": [16, 0, 0],
			"to": [31, 2, 16],
			"rotation": {"angle": 0, "axis": "y", "origin": [40, 8, -8]},
			"faces": {
				"north": {"uv": [3.864, 0, 15.999, 8.543], "texture": "#4"},
				"east": {"uv": [3.864, 0, 15.999, 8.784], "texture": "#4"},
				"south": {"uv": [4.347, 1, 16, 12.502], "texture": "#4"},
				"west": {"uv": [4.347, 2, 16, 10.543], "texture": "#4"},
				"up": {"uv": [5.615, 0, 16, 15.396], "texture": "#4"},
				"down": {"uv": [4.106, 0, 16, 16], "texture": "#4"}
			}
		},
		{
			"from": [22, 1, -6],
			"to": [23, 3, 22],
			"rotation": {"angle": 0, "axis": "y", "origin": [25, 8, -8]},
			"faces": {
				"north": {"uv": [3.864, 0, 15.999, 8.543], "texture": "#4"},
				"east": {"uv": [3.864, 0, 15.999, 8.784], "texture": "#4"},
				"south": {"uv": [4.347, 1, 16, 12.502], "texture": "#4"},
				"west": {"uv": [4.347, 2, 16, 10.543], "texture": "#4"},
				"up": {"uv": [8.272, 10.023, 15.757, 13.945], "texture": "#4"},
				"down": {"uv": [4.106, 0, 16, 16], "texture": "#4"}
			}
		},
		{
			"from": [-7, 1, -7],
			"to": [23, 3, -6],
			"rotation": {"angle": 0, "axis": "y", "origin": [23, 8, -15]},
			"faces": {
				"north": {"uv": [3.864, 0, 15.999, 8.543], "texture": "#4"},
				"east": {"uv": [16, 0, 16.724, 4.557], "texture": "#4"},
				"south": {"uv": [4.347, 1, 16, 12.502], "texture": "#4"},
				"west": {"uv": [15.336, 7.305, 15.697, 12.709], "texture": "#4"},
				"up": {"uv": [8.272, 10.023, 15.757, 13.945], "texture": "#4"},
				"down": {"uv": [4.106, 0, 16, 16], "texture": "#4"}
			}
		},
		{
			"from": [1, 2, 1],
			"to": [15, 4, 2],
			"rotation": {"angle": 0, "axis": "y", "origin": [23, 9, -7]},
			"faces": {
				"north": {"uv": [3.864, 0, 15.999, 8.543], "texture": "#4"},
				"east": {"uv": [7.064, 14.249, 7.967, 15.062], "texture": "#4"},
				"south": {"uv": [4.347, 1, 16, 12.502], "texture": "#4"},
				"west": {"uv": [7.789, 14.068, 8.752, 14.942], "texture": "#4"},
				"up": {"uv": [8.272, 10.023, 15.757, 13.945], "texture": "#4"},
				"down": {"uv": [4.106, 0, 16, 16], "texture": "#4"}
			}
		},
		{
			"from": [1, 3, 2],
			"to": [2, 4, 14],
			"rotation": {"angle": 0, "axis": "y", "origin": [11, 9, -6]},
			"faces": {
				"north": {"uv": [3.864, 0, 15.999, 8.543], "texture": "#4"},
				"east": {"uv": [3.864, 0, 15.999, 8.784], "texture": "#4"},
				"south": {"uv": [4.347, 1, 16, 12.502], "texture": "#4"},
				"west": {"uv": [4.347, 2, 16, 10.543], "texture": "#4"},
				"up": {"uv": [8.272, 10.023, 15.757, 13.945], "texture": "#4"},
				"down": {"uv": [4.106, 0, 16, 16], "texture": "#4"}
			}
		},
		{
			"from": [14, 2, 2],
			"to": [15, 4, 14],
			"rotation": {"angle": 0, "axis": "y", "origin": [23, 9, -6]},
			"faces": {
				"north": {"uv": [3.864, 0, 15.999, 8.543], "texture": "#4"},
				"east": {"uv": [3.864, 0, 15.999, 8.784], "texture": "#4"},
				"south": {"uv": [4.347, 1, 16, 12.502], "texture": "#4"},
				"west": {"uv": [4.347, 2, 16, 10.543], "texture": "#4"},
				"up": {"uv": [8.272, 10.023, 15.757, 13.945], "texture": "#4"},
				"down": {"uv": [4.106, 0, 16, 16], "texture": "#4"}
			}
		},
		{
			"from": [1, 2, 14],
			"to": [15, 4, 15],
			"rotation": {"angle": 0, "axis": "y", "origin": [23, 9, 6]},
			"faces": {
				"north": {"uv": [3.864, 0, 15.999, 8.543], "texture": "#4"},
				"east": {"uv": [7.305, 13.886, 8.392, 15.182], "texture": "#4"},
				"south": {"uv": [4.347, 1, 16, 12.502], "texture": "#4"},
				"west": {"uv": [8.634, 14.068, 9.115, 14.64], "texture": "#4"},
				"up": {"uv": [8.272, 10.023, 15.757, 13.945], "texture": "#4"},
				"down": {"uv": [4.106, 0, 16, 16], "texture": "#4"}
			}
		},
		{
			"from": [-7, 1, 22],
			"to": [23, 3, 23],
			"rotation": {"angle": 0, "axis": "y", "origin": [23, 8, 14]},
			"faces": {
				"north": {"uv": [3.864, 0, 15.999, 8.543], "texture": "#4"},
				"east": {"uv": [15.457, 0, 15.999, 2.323], "texture": "#4"},
				"south": {"uv": [4.347, 1, 16, 12.502], "texture": "#4"},
				"west": {"uv": [15.577, 6.581, 15.879, 8.724], "texture": "#4"},
				"up": {"uv": [8.272, 10.023, 15.757, 13.945], "texture": "#4"},
				"down": {"uv": [4.106, 0, 16, 16], "texture": "#4"}
			}
		},
		{
			"from": [-16, 0, 31],
			"to": [32, 2, 32],
			"rotation": {"angle": 0, "axis": "y", "origin": [23, 7, 23]},
			"faces": {
				"north": {"uv": [3.864, 0, 15.999, 8.543], "texture": "#4"},
				"east": {"uv": [15.457, 0, 15.999, 2.323], "texture": "#4"},
				"south": {"uv": [4.287, 10.928, 15.215, 15.968], "texture": "#4"},
				"west": {"uv": [15.577, 6.581, 15.879, 8.724], "texture": "#4"},
				"up": {"uv": [6.038, 10.989, 13.522, 14.911], "texture": "#4"},
				"down": {"uv": [4.106, 0, 16, 16], "texture": "#4"}
			}
		},
		{
			"from": [-16, 0, -16],
			"to": [32, 2, -15],
			"rotation": {"angle": 0, "axis": "y", "origin": [23, 7, -24]},
			"faces": {
				"north": {"uv": [3.864, 0, 15.999, 8.543], "texture": "#4"},
				"east": {"uv": [15.457, 0, 15.999, 2.323], "texture": "#4"},
				"south": {"uv": [4.287, 10.928, 15.215, 15.968], "texture": "#4"},
				"west": {"uv": [15.577, 6.581, 15.879, 8.724], "texture": "#4"},
				"up": {"uv": [6.038, 10.989, 13.522, 14.911], "texture": "#4"},
				"down": {"uv": [4.106, 0, 16, 16], "texture": "#4"}
			}
		},
		{
			"from": [31, 0, -15],
			"to": [32, 2, 31],
			"rotation": {"angle": 0, "axis": "y", "origin": [23, 7, -21]},
			"faces": {
				"north": {"uv": [3.864, 0, 15.999, 8.543], "texture": "#4"},
				"east": {"uv": [4.468, 10.506, 15.031, 14.941], "texture": "#4"},
				"south": {"uv": [4.287, 10.928, 15.215, 15.968], "texture": "#4"},
				"west": {"uv": [15.577, 6.581, 15.879, 8.724], "texture": "#4"},
				"up": {"uv": [6.762, 9.841, 15.996, 14.548], "texture": "#4"},
				"down": {"uv": [4.106, 0, 16, 16], "texture": "#4"}
			}
		},
		{
			"from": [-16, 0, -15],
			"to": [-15, 2, 31],
			"rotation": {"angle": 0, "axis": "y", "origin": [-24, 7, -21]},
			"faces": {
				"north": {"uv": [3.864, 0, 15.999, 8.543], "texture": "#4"},
				"east": {"uv": [4.468, 10.506, 15.031, 14.941], "texture": "#4"},
				"south": {"uv": [4.287, 10.928, 15.215, 15.968], "texture": "#4"},
				"west": {"uv": [15.577, 6.581, 15.879, 8.724], "texture": "#4"},
				"up": {"uv": [6.762, 9.841, 15.996, 14.548], "texture": "#4"},
				"down": {"uv": [4.106, 0, 16, 16], "texture": "#4"}
			}
		},
		{
			"from": [-7, 2, -6],
			"to": [-6, 3, 22],
			"rotation": {"angle": 0, "axis": "y", "origin": [-5, 8, -8]},
			"faces": {
				"north": {"uv": [3.864, 0, 15.999, 8.543], "texture": "#4"},
				"east": {"uv": [3.864, 0, 15.999, 8.784], "texture": "#4"},
				"south": {"uv": [4.347, 1, 16, 12.502], "texture": "#4"},
				"west": {"uv": [4.347, 2, 16, 10.543], "texture": "#4"},
				"up": {"uv": [8.272, 10.023, 15.757, 13.945], "texture": "#4"},
				"down": {"uv": [4.106, 0, 16, 16], "texture": "#4"}
			}
		},
		{
			"from": [-6, 1, -6],
			"to": [22, 3, 22],
			"rotation": {"angle": 0, "axis": "y", "origin": [24, 8, -8]},
			"faces": {
				"north": {"uv": [3.864, 0, 15.999, 8.543], "texture": "#4"},
				"east": {"uv": [3.864, 0, 15.999, 8.784], "texture": "#4"},
				"south": {"uv": [4.347, 1, 16, 12.502], "texture": "#4"},
				"west": {"uv": [4.347, 2, 16, 10.543], "texture": "#4"},
				"up": {"uv": [4.408, 0, 13.766, 13.222], "texture": "#4"},
				"down": {"uv": [4.106, 0, 16, 16], "texture": "#4"}
			}
		},
		{
			"from": [2, 2, 2],
			"to": [14, 4, 14],
			"rotation": {"angle": 0, "axis": "y", "origin": [24, 9, -8]},
			"faces": {
				"north": {"uv": [3.864, 0, 15.999, 8.543], "texture": "#4"},
				"east": {"uv": [3.864, 0, 15.999, 8.784], "texture": "#4"},
				"south": {"uv": [4.347, 1, 16, 12.502], "texture": "#4"},
				"west": {"uv": [4.347, 2, 16, 10.543], "texture": "#4"},
				"up": {"uv": [4.408, 0, 13.766, 13.222], "texture": "#4"},
				"down": {"uv": [4.106, 0, 16, 16], "texture": "#4"}
			}
		},
		{
			"from": [-15, 0, -15],
			"to": [0, 2, 0],
			"rotation": {"angle": 0, "axis": "y", "origin": [8, 8, -24]},
			"faces": {
				"north": {"uv": [3.864, 0, 15.999, 8.543], "texture": "#4"},
				"east": {"uv": [3.864, 0, 15.999, 8.784], "texture": "#4"},
				"south": {"uv": [4.347, 1, 16, 12.502], "texture": "#4"},
				"west": {"uv": [4.347, 2, 16, 10.543], "texture": "#4"},
				"up": {"uv": [5.615, 0, 16, 15.396], "texture": "#4"},
				"down": {"uv": [4.106, 0, 16, 16], "texture": "#4"}
			}
		},
		{
			"from": [16, 0, -15],
			"to": [31, 2, 0],
			"rotation": {"angle": 0, "axis": "y", "origin": [40, 8, -24]},
			"faces": {
				"north": {"uv": [3.864, 0, 15.999, 8.543], "texture": "#4"},
				"east": {"uv": [3.864, 0, 15.999, 8.784], "texture": "#4"},
				"south": {"uv": [4.347, 1, 16, 12.502], "texture": "#4"},
				"west": {"uv": [4.347, 2, 16, 10.543], "texture": "#4"},
				"up": {"uv": [5.615, 0, 16, 15.396], "texture": "#4"},
				"down": {"uv": [4.106, 0, 16, 16], "texture": "#4"}
			}
		},
		{
			"from": [0, 0, -15],
			"to": [16, 2, 0],
			"rotation": {"angle": 0, "axis": "y", "origin": [24, 8, -24]},
			"faces": {
				"north": {"uv": [3.864, 0, 15.999, 8.543], "texture": "#4"},
				"east": {"uv": [3.864, 0, 15.999, 8.784], "texture": "#4"},
				"south": {"uv": [4.347, 1, 16, 12.502], "texture": "#4"},
				"west": {"uv": [4.347, 2, 16, 10.543], "texture": "#4"},
				"up": {"uv": [5.615, 0, 16, 15.396], "texture": "#4"},
				"down": {"uv": [4.106, 0, 16, 16], "texture": "#4"}
			}
		},
		{
			"from": [0, 0, 0],
			"to": [16, 2, 16],
			"rotation": {"angle": 0, "axis": "y", "origin": [24, 8, -8]},
			"faces": {
				"north": {"uv": [3.864, 0, 15.999, 8.543], "texture": "#4"},
				"east": {"uv": [3.864, 0, 15.999, 8.784], "texture": "#4"},
				"south": {"uv": [4.347, 1, 16, 12.502], "texture": "#4"},
				"west": {"uv": [4.347, 2, 16, 10.543], "texture": "#4"},
				"up": {"uv": [5.615, 0, 16, 15.396], "texture": "#4"},
				"down": {"uv": [4.106, 0, 16, 16], "texture": "#4"}
			}
		}
	],
	"display": {
		"thirdperson_righthand": {
			"rotation": [85, -1, 1],
			"translation": [0, 2.5, 0.75],
			"scale": [0.1, 0.1, 0.1]
		},
		"thirdperson_lefthand": {
			"rotation": [77, 0, 0],
			"translation": [0, 2.5, 0.5],
			"scale": [0.1, 0.1, 0.1]
		},
		"firstperson_righthand": {
			"rotation": [0, 0, 10],
			"translation": [0.5, 2.25, 0.75],
			"scale": [0.1, 0.1, 0.1]
		},
		"firstperson_lefthand": {
			"translation": [0, 2.75, 1.5],
			"scale": [0.1, 0.1, 0.1]
		},
		"ground": {
			"scale": [0.3, 0.37, 0.3]
		},
		"gui": {
			"rotation": [92, -3, -19],
			"translation": [1, -0.75, 0],
			"scale": [0.3, 0.43, 0.3]
		},
		"head": {
			"translation": [0, 13.5, 0]
		},
		"fixed": {
			"rotation": [-90, 0, 0],
			"translation": [0, 0, -2.75],
			"scale": [0.3, 0.37, 0.3]
		}
	}
}