{
	"credit": "Made with Blockbench",
	"texture_size": [64, 64],
	"textures": {
		"0": "Desktop/Rocket"
	},
	"elements": [
		{
			"from": [-4, -13, 8],
			"to": [-3, -9, 10],
			"rotation": {"angle": 0, "axis": "y", "origin": [0, -23, 0]},
			"faces": {
				"north": {"uv": [12.25, 11.5, 12.5, 12.5], "texture": "#0"},
				"east": {"uv": [11.75, 11.5, 12.25, 12.5], "texture": "#0"},
				"south": {"uv": [13, 11.5, 13.25, 12.5], "texture": "#0"},
				"west": {"uv": [12.5, 11.5, 13, 12.5], "texture": "#0"},
				"up": {"uv": [12.5, 11.5, 12.25, 11], "texture": "#0"},
				"down": {"uv": [12.75, 11, 12.5, 11.5], "texture": "#0"}
			}
		},
		{
			"from": [7, -13, -3],
			"to": [9, -9, -2],
			"rotation": {"angle": 0, "axis": "y", "origin": [0, -23, 0]},
			"faces": {
				"north": {"uv": [12, 11.25, 12.5, 12.25], "texture": "#0"},
				"east": {"uv": [11.75, 11.25, 12, 12.25], "texture": "#0"},
				"south": {"uv": [12.75, 11.25, 13.25, 12.25], "texture": "#0"},
				"west": {"uv": [12.5, 11.25, 12.75, 12.25], "texture": "#0"},
				"up": {"uv": [12.5, 11.25, 12, 11], "texture": "#0"},
				"down": {"uv": [13, 11, 12.5, 11.25], "texture": "#0"}
			}
		},
		{
			"from": [19, -13, 8],
			"to": [20, -9, 10],
			"rotation": {"angle": 0, "axis": "y", "origin": [0, -23, 0]},
			"faces": {
				"north": {"uv": [12.25, 11.5, 12.5, 12.5], "texture": "#0"},
				"east": {"uv": [11.75, 11.5, 12.25, 12.5], "texture": "#0"},
				"south": {"uv": [13, 11.5, 13.25, 12.5], "texture": "#0"},
				"west": {"uv": [12.5, 11.5, 13, 12.5], "texture": "#0"},
				"up": {"uv": [12.5, 11.5, 12.25, 11], "texture": "#0"},
				"down": {"uv": [12.75, 11, 12.5, 11.5], "texture": "#0"}
			}
		},
		{
			"from": [7, -13, 20],
			"to": [9, -9, 21],
			"rotation": {"angle": 0, "axis": "y", "origin": [0, -23, 0]},
			"faces": {
				"north": {"uv": [12, 11.25, 12.5, 12.25], "texture": "#0"},
				"east": {"uv": [11.75, 11.25, 12, 12.25], "texture": "#0"},
				"south": {"uv": [12.75, 11.25, 13.25, 12.25], "texture": "#0"},
				"west": {"uv": [12.5, 11.25, 12.75, 12.25], "texture": "#0"},
				"up": {"uv": [12.5, 11.25, 12, 11], "texture": "#0"},
				"down": {"uv": [13, 11, 12.5, 11.25], "texture": "#0"}
			}
		},
		{
			"from": [1, -3, 1],
			"to": [5, 3, 2],
			"rotation": {"angle": 0, "axis": "y", "origin": [0, -23, 0]},
			"faces": {
				"north": {"uv": [9.5, 8, 10.5, 9.5], "texture": "#0"},
				"east": {"uv": [9.25, 8, 9.5, 9.5], "texture": "#0"},
				"south": {"uv": [10.75, 8, 11.75, 9.5], "texture": "#0"},
				"west": {"uv": [10.5, 8, 10.75, 9.5], "texture": "#0"},
				"up": {"uv": [10.5, 8, 9.5, 7.75], "texture": "#0"},
				"down": {"uv": [11.5, 7.75, 10.5, 8], "texture": "#0"}
			}
		},
		{
			"from": [11, -3, 1],
			"to": [15, 3, 2],
			"rotation": {"angle": 0, "axis": "y", "origin": [0, -23, 0]},
			"faces": {
				"north": {"uv": [7.5, 7.75, 8.5, 9.25], "texture": "#0"},
				"east": {"uv": [7.25, 7.75, 7.5, 9.25], "texture": "#0"},
				"south": {"uv": [8.75, 7.75, 9.75, 9.25], "texture": "#0"},
				"west": {"uv": [8.5, 7.75, 8.75, 9.25], "texture": "#0"},
				"up": {"uv": [8.5, 7.75, 7.5, 7.5], "texture": "#0"},
				"down": {"uv": [9.5, 7.5, 8.5, 7.75], "texture": "#0"}
			}
		},
		{
			"from": [1, 3, 1],
			"to": [15, 14, 2],
			"rotation": {"angle": 0, "axis": "y", "origin": [0, -23, 0]},
			"faces": {
				"north": {"uv": [4, 0.25, 7.5, 3], "texture": "#0"},
				"east": {"uv": [3.75, 0.25, 4, 3], "texture": "#0"},
				"south": {"uv": [7.75, 0.25, 11.25, 3], "texture": "#0"},
				"west": {"uv": [7.5, 0.25, 7.75, 3], "texture": "#0"},
				"up": {"uv": [7.5, 0.25, 4, 0], "texture": "#0"},
				"down": {"uv": [11, 0, 7.5, 0.25], "texture": "#0"}
			}
		},
		{
			"from": [1, -12, 1],
			"to": [15, -1, 2],
			"rotation": {"angle": 0, "axis": "y", "origin": [0, -23, 0]},
			"faces": {
				"north": {"uv": [5, 9.25, 8.5, 12], "texture": "#0"},
				"east": {"uv": [4.75, 9.25, 5, 12], "texture": "#0"},
				"south": {"uv": [8.75, 9.25, 12.25, 12], "texture": "#0"},
				"west": {"uv": [8.5, 9.25, 8.75, 12], "texture": "#0"},
				"up": {"uv": [8.5, 9.25, 5, 9], "texture": "#0"},
				"down": {"uv": [12, 9, 8.5, 9.25], "texture": "#0"}
			}
		},
		{
			"from": [1, -12, 16],
			"to": [15, 14, 17],
			"rotation": {"angle": 0, "axis": "y", "origin": [0, -23, 0]},
			"faces": {
				"north": {"uv": [5.25, 8, 8.75, 14.5], "texture": "#0"},
				"east": {"uv": [5, 8, 5.25, 14.5], "texture": "#0"},
				"south": {"uv": [9, 8, 12.5, 14.5], "texture": "#0"},
				"west": {"uv": [8.75, 8, 9, 14.5], "texture": "#0"},
				"up": {"uv": [8.75, 8, 5.25, 7.75], "texture": "#0"},
				"down": {"uv": [12.25, 7.75, 8.75, 8], "texture": "#0"}
			}
		},
		{
			"from": [15, -12, 1],
			"to": [16, 14, 17],
			"rotation": {"angle": 0, "axis": "y", "origin": [0, -23, 0]},
			"faces": {
				"north": {"uv": [11.5, 8, 11.75, 14.5], "texture": "#0"},
				"east": {"uv": [7.5, 8, 11.5, 14.5], "texture": "#0"},
				"south": {"uv": [15.75, 8, 16, 14.5], "texture": "#0"},
				"west": {"uv": [11.75, 8, 15.75, 14.5], "texture": "#0"},
				"up": {"uv": [11.75, 8, 11.5, 4], "texture": "#0"},
				"down": {"uv": [12, 4, 11.75, 8], "texture": "#0"}
			}
		},
		{
			"from": [-3, -12, 8],
			"to": [-2, -8, 10],
			"rotation": {"angle": 0, "axis": "y", "origin": [0, -23, 0]},
			"faces": {
				"north": {"uv": [12.25, 11.5, 12.5, 12.5], "texture": "#0"},
				"east": {"uv": [11.75, 11.5, 12.25, 12.5], "texture": "#0"},
				"south": {"uv": [13, 11.5, 13.25, 12.5], "texture": "#0"},
				"west": {"uv": [12.5, 11.5, 13, 12.5], "texture": "#0"},
				"up": {"uv": [12.5, 11.5, 12.25, 11], "texture": "#0"},
				"down": {"uv": [12.75, 11, 12.5, 11.5], "texture": "#0"}
			}
		},
		{
			"from": [7, -12, -2],
			"to": [9, -8, -1],
			"rotation": {"angle": 0, "axis": "y", "origin": [0, -23, 0]},
			"faces": {
				"north": {"uv": [12, 11.25, 12.5, 12.25], "texture": "#0"},
				"east": {"uv": [11.75, 11.25, 12, 12.25], "texture": "#0"},
				"south": {"uv": [12.75, 11.25, 13.25, 12.25], "texture": "#0"},
				"west": {"uv": [12.5, 11.25, 12.75, 12.25], "texture": "#0"},
				"up": {"uv": [12.5, 11.25, 12, 11], "texture": "#0"},
				"down": {"uv": [13, 11, 12.5, 11.25], "texture": "#0"}
			}
		},
		{
			"from": [18, -12, 8],
			"to": [19, -8, 10],
			"rotation": {"angle": 0, "axis": "y", "origin": [0, -23, 0]},
			"faces": {
				"north": {"uv": [12.25, 11.5, 12.5, 12.5], "texture": "#0"},
				"east": {"uv": [11.75, 11.5, 12.25, 12.5], "texture": "#0"},
				"south": {"uv": [13, 11.5, 13.25, 12.5], "texture": "#0"},
				"west": {"uv": [12.5, 11.5, 13, 12.5], "texture": "#0"},
				"up": {"uv": [12.5, 11.5, 12.25, 11], "texture": "#0"},
				"down": {"uv": [12.75, 11, 12.5, 11.5], "texture": "#0"}
			}
		},
		{
			"from": [7, -12, 19],
			"to": [9, -8, 20],
			"rotation": {"angle": 0, "axis": "y", "origin": [0, -23, 0]},
			"faces": {
				"north": {"uv": [12, 11.25, 12.5, 12.25], "texture": "#0"},
				"east": {"uv": [11.75, 11.25, 12, 12.25], "texture": "#0"},
				"south": {"uv": [12.75, 11.25, 13.25, 12.25], "texture": "#0"},
				"west": {"uv": [12.5, 11.25, 12.75, 12.25], "texture": "#0"},
				"up": {"uv": [12.5, 11.25, 12, 11], "texture": "#0"},
				"down": {"uv": [13, 11, 12.5, 11.25], "texture": "#0"}
			}
		},
		{
			"from": [-2, -11, 8],
			"to": [-1, -7, 10],
			"rotation": {"angle": 0, "axis": "y", "origin": [0, -23, 0]},
			"faces": {
				"north": {"uv": [12.25, 11.5, 12.5, 12.5], "texture": "#0"},
				"east": {"uv": [11.75, 11.5, 12.25, 12.5], "texture": "#0"},
				"south": {"uv": [13, 11.5, 13.25, 12.5], "texture": "#0"},
				"west": {"uv": [12.5, 11.5, 13, 12.5], "texture": "#0"},
				"up": {"uv": [12.5, 11.5, 12.25, 11], "texture": "#0"},
				"down": {"uv": [12.75, 11, 12.5, 11.5], "texture": "#0"}
			}
		},
		{
			"from": [7, -11, -1],
			"to": [9, -7, 0],
			"rotation": {"angle": 0, "axis": "y", "origin": [0, -23, 0]},
			"faces": {
				"north": {"uv": [12, 11.25, 12.5, 12.25], "texture": "#0"},
				"east": {"uv": [11.75, 11.25, 12, 12.25], "texture": "#0"},
				"south": {"uv": [12.75, 11.25, 13.25, 12.25], "texture": "#0"},
				"west": {"uv": [12.5, 11.25, 12.75, 12.25], "texture": "#0"},
				"up": {"uv": [12.5, 11.25, 12, 11], "texture": "#0"},
				"down": {"uv": [13, 11, 12.5, 11.25], "texture": "#0"}
			}
		},
		{
			"from": [17, -11, 8],
			"to": [18, -7, 10],
			"rotation": {"angle": 0, "axis": "y", "origin": [0, -23, 0]},
			"faces": {
				"north": {"uv": [12.25, 11.5, 12.5, 12.5], "texture": "#0"},
				"east": {"uv": [11.75, 11.5, 12.25, 12.5], "texture": "#0"},
				"south": {"uv": [13, 11.5, 13.25, 12.5], "texture": "#0"},
				"west": {"uv": [12.5, 11.5, 13, 12.5], "texture": "#0"},
				"up": {"uv": [12.5, 11.5, 12.25, 11], "texture": "#0"},
				"down": {"uv": [12.75, 11, 12.5, 11.5], "texture": "#0"}
			}
		},
		{
			"from": [7, -11, 18],
			"to": [9, -7, 19],
			"rotation": {"angle": 0, "axis": "y", "origin": [0, -23, 0]},
			"faces": {
				"north": {"uv": [12, 11.25, 12.5, 12.25], "texture": "#0"},
				"east": {"uv": [11.75, 11.25, 12, 12.25], "texture": "#0"},
				"south": {"uv": [12.75, 11.25, 13.25, 12.25], "texture": "#0"},
				"west": {"uv": [12.5, 11.25, 12.75, 12.25], "texture": "#0"},
				"up": {"uv": [12.5, 11.25, 12, 11], "texture": "#0"},
				"down": {"uv": [13, 11, 12.5, 11.25], "texture": "#0"}
			}
		},
		{
			"from": [-5, -13, 8],
			"to": [-4, -8, 10],
			"rotation": {"angle": 0, "axis": "y", "origin": [0, -23, 0]},
			"faces": {
				"north": {"uv": [12.25, 11.5, 12.5, 12.75], "texture": "#0"},
				"east": {"uv": [11.75, 11.5, 12.25, 12.75], "texture": "#0"},
				"south": {"uv": [13, 11.5, 13.25, 12.75], "texture": "#0"},
				"west": {"uv": [12.5, 11.5, 13, 12.75], "texture": "#0"},
				"up": {"uv": [12.5, 11.5, 12.25, 11], "texture": "#0"},
				"down": {"uv": [12.75, 11, 12.5, 11.5], "texture": "#0"}
			}
		},
		{
			"from": [7, -13, -4],
			"to": [9, -8, -3],
			"rotation": {"angle": 0, "axis": "y", "origin": [0, -23, 0]},
			"faces": {
				"north": {"uv": [12, 11.25, 12.5, 12.5], "texture": "#0"},
				"east": {"uv": [11.75, 11.25, 12, 12.5], "texture": "#0"},
				"south": {"uv": [12.75, 11.25, 13.25, 12.5], "texture": "#0"},
				"west": {"uv": [12.5, 11.25, 12.75, 12.5], "texture": "#0"},
				"up": {"uv": [12.5, 11.25, 12, 11], "texture": "#0"},
				"down": {"uv": [13, 11, 12.5, 11.25], "texture": "#0"}
			}
		},
		{
			"from": [20, -13, 8],
			"to": [21, -8, 10],
			"rotation": {"angle": 0, "axis": "y", "origin": [0, -23, 0]},
			"faces": {
				"north": {"uv": [12.25, 11.5, 12.5, 12.75], "texture": "#0"},
				"east": {"uv": [11.75, 11.5, 12.25, 12.75], "texture": "#0"},
				"south": {"uv": [13, 11.5, 13.25, 12.75], "texture": "#0"},
				"west": {"uv": [12.5, 11.5, 13, 12.75], "texture": "#0"},
				"up": {"uv": [12.5, 11.5, 12.25, 11], "texture": "#0"},
				"down": {"uv": [12.75, 11, 12.5, 11.5], "texture": "#0"}
			}
		},
		{
			"from": [7, -13, 21],
			"to": [9, -8, 22],
			"rotation": {"angle": 0, "axis": "y", "origin": [0, -23, 0]},
			"faces": {
				"north": {"uv": [12, 11.25, 12.5, 12.5], "texture": "#0"},
				"east": {"uv": [11.75, 11.25, 12, 12.5], "texture": "#0"},
				"south": {"uv": [12.75, 11.25, 13.25, 12.5], "texture": "#0"},
				"west": {"uv": [12.5, 11.25, 12.75, 12.5], "texture": "#0"},
				"up": {"uv": [12.5, 11.25, 12, 11], "texture": "#0"},
				"down": {"uv": [13, 11, 12.5, 11.25], "texture": "#0"}
			}
		},
		{
			"from": [-6, -15, 8],
			"to": [-5, -6, 10],
			"rotation": {"angle": 0, "axis": "y", "origin": [0, -23, 0]},
			"faces": {
				"north": {"uv": [12.25, 11.5, 12.5, 13.75], "texture": "#0"},
				"east": {"uv": [11.75, 11.5, 12.25, 13.75], "texture": "#0"},
				"south": {"uv": [13, 11.5, 13.25, 13.75], "texture": "#0"},
				"west": {"uv": [12.5, 11.5, 13, 13.75], "texture": "#0"},
				"up": {"uv": [12.5, 11.5, 12.25, 11], "texture": "#0"},
				"down": {"uv": [12.75, 11, 12.5, 11.5], "texture": "#0"}
			}
		},
		{
			"from": [7, -15, -5],
			"to": [9, -6, -4],
			"rotation": {"angle": 0, "axis": "y", "origin": [0, -23, 0]},
			"faces": {
				"north": {"uv": [12, 11.25, 12.5, 13.5], "texture": "#0"},
				"east": {"uv": [11.75, 11.25, 12, 13.5], "texture": "#0"},
				"south": {"uv": [12.75, 11.25, 13.25, 13.5], "texture": "#0"},
				"west": {"uv": [12.5, 11.25, 12.75, 13.5], "texture": "#0"},
				"up": {"uv": [12.5, 11.25, 12, 11], "texture": "#0"},
				"down": {"uv": [13, 11, 12.5, 11.25], "texture": "#0"}
			}
		},
		{
			"from": [21, -15, 8],
			"to": [22, -6, 10],
			"rotation": {"angle": 0, "axis": "y", "origin": [0, -23, 0]},
			"faces": {
				"north": {"uv": [12.25, 11.5, 12.5, 13.75], "texture": "#0"},
				"east": {"uv": [11.75, 11.5, 12.25, 13.75], "texture": "#0"},
				"south": {"uv": [13, 11.5, 13.25, 13.75], "texture": "#0"},
				"west": {"uv": [12.5, 11.5, 13, 13.75], "texture": "#0"},
				"up": {"uv": [12.5, 11.5, 12.25, 11], "texture": "#0"},
				"down": {"uv": [12.75, 11, 12.5, 11.5], "texture": "#0"}
			}
		},
		{
			"from": [7, -15, 22],
			"to": [9, -6, 23],
			"rotation": {"angle": 0, "axis": "y", "origin": [0, -23, 0]},
			"faces": {
				"north": {"uv": [12, 11.25, 12.5, 13.5], "texture": "#0"},
				"east": {"uv": [11.75, 11.25, 12, 13.5], "texture": "#0"},
				"south": {"uv": [12.75, 11.25, 13.25, 13.5], "texture": "#0"},
				"west": {"uv": [12.5, 11.25, 12.75, 13.5], "texture": "#0"},
				"up": {"uv": [12.5, 11.25, 12, 11], "texture": "#0"},
				"down": {"uv": [13, 11, 12.5, 11.25], "texture": "#0"}
			}
		},
		{
			"from": [-1, -10, 8],
			"to": [0, -6, 10],
			"rotation": {"angle": 0, "axis": "y", "origin": [0, -23, 0]},
			"faces": {
				"north": {"uv": [12.25, 11.5, 12.5, 12.5], "texture": "#0"},
				"east": {"uv": [11.75, 11.5, 12.25, 12.5], "texture": "#0"},
				"south": {"uv": [13, 11.5, 13.25, 12.5], "texture": "#0"},
				"west": {"uv": [12.5, 11.5, 13, 12.5], "texture": "#0"},
				"up": {"uv": [12.5, 11.5, 12.25, 11], "texture": "#0"},
				"down": {"uv": [12.75, 11, 12.5, 11.5], "texture": "#0"}
			}
		},
		{
			"from": [7, -10, 0],
			"to": [9, -6, 1],
			"rotation": {"angle": 0, "axis": "y", "origin": [0, -23, 0]},
			"faces": {
				"north": {"uv": [12, 11.25, 12.5, 12.25], "texture": "#0"},
				"east": {"uv": [11.75, 11.25, 12, 12.25], "texture": "#0"},
				"south": {"uv": [12.75, 11.25, 13.25, 12.25], "texture": "#0"},
				"west": {"uv": [12.5, 11.25, 12.75, 12.25], "texture": "#0"},
				"up": {"uv": [12.5, 11.25, 12, 11], "texture": "#0"},
				"down": {"uv": [13, 11, 12.5, 11.25], "texture": "#0"}
			}
		},
		{
			"from": [16, -10, 8],
			"to": [17, -6, 10],
			"rotation": {"angle": 0, "axis": "y", "origin": [0, -23, 0]},
			"faces": {
				"north": {"uv": [12.25, 11.5, 12.5, 12.5], "texture": "#0"},
				"east": {"uv": [11.75, 11.5, 12.25, 12.5], "texture": "#0"},
				"south": {"uv": [13, 11.5, 13.25, 12.5], "texture": "#0"},
				"west": {"uv": [12.5, 11.5, 13, 12.5], "texture": "#0"},
				"up": {"uv": [12.5, 11.5, 12.25, 11], "texture": "#0"},
				"down": {"uv": [12.75, 11, 12.5, 11.5], "texture": "#0"}
			}
		},
		{
			"from": [7, -10, 17],
			"to": [9, -6, 18],
			"rotation": {"angle": 0, "axis": "y", "origin": [0, -23, 0]},
			"faces": {
				"north": {"uv": [12, 11.25, 12.5, 12.25], "texture": "#0"},
				"east": {"uv": [11.75, 11.25, 12, 12.25], "texture": "#0"},
				"south": {"uv": [12.75, 11.25, 13.25, 12.25], "texture": "#0"},
				"west": {"uv": [12.5, 11.25, 12.75, 12.25], "texture": "#0"},
				"up": {"uv": [12.5, 11.25, 12, 11], "texture": "#0"},
				"down": {"uv": [13, 11, 12.5, 11.25], "texture": "#0"}
			}
		},
		{
			"from": [0, -12, 1],
			"to": [1, 14, 17],
			"rotation": {"angle": 0, "axis": "y", "origin": [0, -23, 0]},
			"faces": {
				"north": {"uv": [11.5, 8, 11.75, 14.5], "texture": "#0"},
				"east": {"uv": [7.5, 8, 11.5, 14.5], "texture": "#0"},
				"south": {"uv": [15.75, 8, 16, 14.5], "texture": "#0"},
				"west": {"uv": [11.75, 8, 15.75, 14.5], "texture": "#0"},
				"up": {"uv": [11.75, 8, 11.5, 4], "texture": "#0"},
				"down": {"uv": [12, 4, 11.75, 8], "texture": "#0"}
			}
		},
		{
			"from": [1, 14, 2],
			"to": [4, 15, 16],
			"rotation": {"angle": 0, "axis": "y", "origin": [0, -23, 0]},
			"faces": {
				"north": {"uv": [7, 14.5, 7.75, 14.75], "texture": "#0"},
				"east": {"uv": [3.5, 14.5, 7, 14.75], "texture": "#0"},
				"south": {"uv": [11.25, 14.5, 12, 14.75], "texture": "#0"},
				"west": {"uv": [7.75, 14.5, 11.25, 14.75], "texture": "#0"},
				"up": {"uv": [7.75, 14.5, 7, 11], "texture": "#0"},
				"down": {"uv": [8.5, 11, 7.75, 14.5], "texture": "#0"}
			}
		},
		{
			"from": [0, -13, 1],
			"to": [4, -12, 17],
			"rotation": {"angle": 0, "axis": "y", "origin": [0, -23, 0]},
			"faces": {
				"north": {"uv": [7.5, 15, 8.5, 15.25], "texture": "#0"},
				"east": {"uv": [3.5, 15, 7.5, 15.25], "texture": "#0"},
				"south": {"uv": [12.5, 15, 13.5, 15.25], "texture": "#0"},
				"west": {"uv": [8.5, 15, 12.5, 15.25], "texture": "#0"},
				"up": {"uv": [8.5, 15, 7.5, 11], "texture": "#0"},
				"down": {"uv": [9.5, 11, 8.5, 15], "texture": "#0"}
			}
		},
		{
			"from": [5, 21, 6],
			"to": [11, 22, 12],
			"rotation": {"angle": 0, "axis": "y", "origin": [0, -23, 0]},
			"faces": {
				"north": {"uv": [5, 12.5, 6.5, 12.75], "texture": "#0"},
				"east": {"uv": [3.5, 12.5, 5, 12.75], "texture": "#0"},
				"south": {"uv": [8, 12.5, 9.5, 12.75], "texture": "#0"},
				"west": {"uv": [6.5, 12.5, 8, 12.75], "texture": "#0"},
				"up": {"uv": [6.5, 12.5, 5, 11], "texture": "#0"},
				"down": {"uv": [8, 11, 6.5, 12.5], "texture": "#0"}
			}
		},
		{
			"from": [7, 30, 8],
			"to": [9, 32, 10],
			"rotation": {"angle": 0, "axis": "y", "origin": [0, -23, 0]},
			"faces": {
				"north": {"uv": [1.25, 14.5, 1.75, 15], "texture": "#0"},
				"east": {"uv": [0.75, 14.5, 1.25, 15], "texture": "#0"},
				"south": {"uv": [2.25, 14.5, 2.75, 15], "texture": "#0"},
				"west": {"uv": [1.75, 14.5, 2.25, 15], "texture": "#0"},
				"up": {"uv": [1.75, 14.5, 1.25, 14], "texture": "#0"},
				"down": {"uv": [2.25, 14, 1.75, 14.5], "texture": "#0"}
			}
		},
		{
			"from": [7, 17, 8],
			"to": [9, 32, 10],
			"rotation": {"angle": 0, "axis": "y", "origin": [0, -23, 0]},
			"faces": {
				"north": {"uv": [7, 10.75, 7.5, 14.5], "texture": "#0"},
				"east": {"uv": [6.5, 10.75, 7, 14.5], "texture": "#0"},
				"south": {"uv": [8, 10.75, 8.5, 14.5], "texture": "#0"},
				"west": {"uv": [7.5, 10.75, 8, 14.5], "texture": "#0"},
				"up": {"uv": [7.5, 10.75, 7, 10.25], "texture": "#0"},
				"down": {"uv": [8, 10.25, 7.5, 10.75], "texture": "#0"}
			}
		},
		{
			"from": [6, 24, 7],
			"to": [10, 25, 11],
			"rotation": {"angle": 0, "axis": "y", "origin": [0, -23, 0]},
			"faces": {
				"north": {"uv": [4.5, 12, 5.5, 12.25], "texture": "#0"},
				"east": {"uv": [3.5, 12, 4.5, 12.25], "texture": "#0"},
				"south": {"uv": [6.5, 12, 7.5, 12.25], "texture": "#0"},
				"west": {"uv": [5.5, 12, 6.5, 12.25], "texture": "#0"},
				"up": {"uv": [5.5, 12, 4.5, 11], "texture": "#0"},
				"down": {"uv": [6.5, 11, 5.5, 12], "texture": "#0"}
			}
		},
		{
			"from": [6, 23, 7],
			"to": [10, 24, 11],
			"rotation": {"angle": 0, "axis": "y", "origin": [0, -23, 0]},
			"faces": {
				"north": {"uv": [4.5, 12, 5.5, 12.25], "texture": "#0"},
				"east": {"uv": [3.5, 12, 4.5, 12.25], "texture": "#0"},
				"south": {"uv": [6.5, 12, 7.5, 12.25], "texture": "#0"},
				"west": {"uv": [5.5, 12, 6.5, 12.25], "texture": "#0"},
				"up": {"uv": [5.5, 12, 4.5, 11], "texture": "#0"},
				"down": {"uv": [6.5, 11, 5.5, 12], "texture": "#0"}
			}
		},
		{
			"from": [5, 22, 6],
			"to": [11, 23, 12],
			"rotation": {"angle": 0, "axis": "y", "origin": [0, -23, 0]},
			"faces": {
				"north": {"uv": [5, 12.5, 6.5, 12.75], "texture": "#0"},
				"east": {"uv": [3.5, 12.5, 5, 12.75], "texture": "#0"},
				"south": {"uv": [8, 12.5, 9.5, 12.75], "texture": "#0"},
				"west": {"uv": [6.5, 12.5, 8, 12.75], "texture": "#0"},
				"up": {"uv": [6.5, 12.5, 5, 11], "texture": "#0"},
				"down": {"uv": [8, 11, 6.5, 12.5], "texture": "#0"}
			}
		},
		{
			"from": [4, 20, 5],
			"to": [12, 21, 13],
			"rotation": {"angle": 0, "axis": "y", "origin": [0, -23, 0]},
			"faces": {
				"north": {"uv": [5.5, 13, 7.5, 13.25], "texture": "#0"},
				"east": {"uv": [3.5, 13, 5.5, 13.25], "texture": "#0"},
				"south": {"uv": [9.5, 13, 11.5, 13.25], "texture": "#0"},
				"west": {"uv": [7.5, 13, 9.5, 13.25], "texture": "#0"},
				"up": {"uv": [7.5, 13, 5.5, 11], "texture": "#0"},
				"down": {"uv": [9.5, 11, 7.5, 13], "texture": "#0"}
			}
		},
		{
			"from": [4, 19, 5],
			"to": [12, 20, 13],
			"rotation": {"angle": 0, "axis": "y", "origin": [0, -23, 0]},
			"faces": {
				"north": {"uv": [5.5, 13, 7.5, 13.25], "texture": "#0"},
				"east": {"uv": [3.5, 13, 5.5, 13.25], "texture": "#0"},
				"south": {"uv": [9.5, 13, 11.5, 13.25], "texture": "#0"},
				"west": {"uv": [7.5, 13, 9.5, 13.25], "texture": "#0"},
				"up": {"uv": [7.5, 13, 5.5, 11], "texture": "#0"},
				"down": {"uv": [9.5, 11, 7.5, 13], "texture": "#0"}
			}
		},
		{
			"from": [3, 18, 4],
			"to": [13, 19, 14],
			"rotation": {"angle": 0, "axis": "y", "origin": [0, -23, 0]},
			"faces": {
				"north": {"uv": [6, 13.5, 8.5, 13.75], "texture": "#0"},
				"east": {"uv": [3.5, 13.5, 6, 13.75], "texture": "#0"},
				"south": {"uv": [11, 13.5, 13.5, 13.75], "texture": "#0"},
				"west": {"uv": [8.5, 13.5, 11, 13.75], "texture": "#0"},
				"up": {"uv": [8.5, 13.5, 6, 11], "texture": "#0"},
				"down": {"uv": [11, 11, 8.5, 13.5], "texture": "#0"}
			}
		},
		{
			"from": [3, 17, 4],
			"to": [13, 18, 14],
			"rotation": {"angle": 0, "axis": "y", "origin": [0, -23, 0]},
			"faces": {
				"north": {"uv": [6, 13.5, 8.5, 13.75], "texture": "#0"},
				"east": {"uv": [3.5, 13.5, 6, 13.75], "texture": "#0"},
				"south": {"uv": [11, 13.5, 13.5, 13.75], "texture": "#0"},
				"west": {"uv": [8.5, 13.5, 11, 13.75], "texture": "#0"},
				"up": {"uv": [8.5, 13.5, 6, 11], "texture": "#0"},
				"down": {"uv": [11, 11, 8.5, 13.5], "texture": "#0"}
			}
		},
		{
			"from": [2, 16, 3],
			"to": [14, 17, 15],
			"rotation": {"angle": 0, "axis": "y", "origin": [0, -23, 0]},
			"faces": {
				"north": {"uv": [6.5, 14, 9.5, 14.25], "texture": "#0"},
				"east": {"uv": [3.5, 14, 6.5, 14.25], "texture": "#0"},
				"south": {"uv": [12.5, 14, 15.5, 14.25], "texture": "#0"},
				"west": {"uv": [9.5, 14, 12.5, 14.25], "texture": "#0"},
				"up": {"uv": [9.5, 14, 6.5, 11], "texture": "#0"},
				"down": {"uv": [12.5, 11, 9.5, 14], "texture": "#0"}
			}
		},
		{
			"from": [2, 15, 3],
			"to": [14, 16, 15],
			"rotation": {"angle": 0, "axis": "y", "origin": [0, -23, 0]},
			"faces": {
				"north": {"uv": [6.5, 14, 9.5, 14.25], "texture": "#0"},
				"east": {"uv": [3.5, 14, 6.5, 14.25], "texture": "#0"},
				"south": {"uv": [12.5, 14, 15.5, 14.25], "texture": "#0"},
				"west": {"uv": [9.5, 14, 12.5, 14.25], "texture": "#0"},
				"up": {"uv": [9.5, 14, 6.5, 11], "texture": "#0"},
				"down": {"uv": [12.5, 11, 9.5, 14], "texture": "#0"}
			}
		},
		{
			"from": [4, 14, 2],
			"to": [15, 15, 16],
			"rotation": {"angle": 0, "axis": "y", "origin": [0, -23, 0]},
			"faces": {
				"north": {"uv": [7, 14.5, 9.75, 14.75], "texture": "#0"},
				"east": {"uv": [3.5, 14.5, 7, 14.75], "texture": "#0"},
				"south": {"uv": [13.25, 14.5, 16, 14.75], "texture": "#0"},
				"west": {"uv": [9.75, 14.5, 13.25, 14.75], "texture": "#0"},
				"up": {"uv": [9.75, 14.5, 7, 11], "texture": "#0"},
				"down": {"uv": [12.5, 11, 9.75, 14.5], "texture": "#0"}
			}
		},
		{
			"from": [4, -13, 3],
			"to": [15, -12, 17],
			"rotation": {"angle": 0, "axis": "y", "origin": [0, -23, 0]},
			"faces": {
				"north": {"uv": [7, 14.5, 9.75, 14.75], "texture": "#0"},
				"east": {"uv": [3.5, 14.5, 7, 14.75], "texture": "#0"},
				"south": {"uv": [13.25, 14.5, 16, 14.75], "texture": "#0"},
				"west": {"uv": [9.75, 14.5, 13.25, 14.75], "texture": "#0"},
				"up": {"uv": [9.75, 14.5, 7, 11], "texture": "#0"},
				"down": {"uv": [12.5, 11, 9.75, 14.5], "texture": "#0"}
			}
		},
		{
			"from": [4, -13, 1],
			"to": [15, -12, 3],
			"rotation": {"angle": 0, "axis": "y", "origin": [0, -23, 0]},
			"faces": {
				"north": {"uv": [8.5, 13.5, 11.25, 13.75], "texture": "#0"},
				"east": {"uv": [8, 13.5, 8.5, 13.75], "texture": "#0"},
				"south": {"uv": [11.75, 13.5, 14.5, 13.75], "texture": "#0"},
				"west": {"uv": [11.25, 13.5, 11.75, 13.75], "texture": "#0"},
				"up": {"uv": [11.25, 13.5, 8.5, 13], "texture": "#0"},
				"down": {"uv": [14, 13, 11.25, 13.5], "texture": "#0"}
			}
		},
		{
			"from": [15, -13, 1],
			"to": [16, -12, 17],
			"rotation": {"angle": 0, "axis": "y", "origin": [0, -23, 0]},
			"faces": {
				"north": {"uv": [7.5, 15, 7.75, 15.25], "texture": "#0"},
				"east": {"uv": [3.5, 15, 7.5, 15.25], "texture": "#0"},
				"south": {"uv": [11.75, 15, 12, 15.25], "texture": "#0"},
				"west": {"uv": [7.75, 15, 11.75, 15.25], "texture": "#0"},
				"up": {"uv": [7.75, 15, 7.5, 11], "texture": "#0"},
				"down": {"uv": [8, 11, 7.75, 15], "texture": "#0"}
			}
		},
		{
			"from": [5, -15, 6],
			"to": [11, -14, 12],
			"rotation": {"angle": 0, "axis": "y", "origin": [0, -23, 0]},
			"faces": {
				"north": {"uv": [6, 14, 7.5, 14.25], "texture": "#0"},
				"east": {"uv": [4.5, 14, 6, 14.25], "texture": "#0"},
				"south": {"uv": [9, 14, 10.5, 14.25], "texture": "#0"},
				"west": {"uv": [7.5, 14, 9, 14.25], "texture": "#0"},
				"up": {"uv": [7.5, 14, 6, 12.5], "texture": "#0"},
				"down": {"uv": [9, 12.5, 7.5, 14], "texture": "#0"}
			}
		},
		{
			"from": [5, -14, 6],
			"to": [11, -13, 12],
			"rotation": {"angle": 0, "axis": "y", "origin": [0, -23, 0]},
			"faces": {
				"north": {"uv": [6, 14, 7.5, 14.25], "texture": "#0"},
				"east": {"uv": [4.5, 14, 6, 14.25], "texture": "#0"},
				"south": {"uv": [9, 14, 10.5, 14.25], "texture": "#0"},
				"west": {"uv": [7.5, 14, 9, 14.25], "texture": "#0"},
				"up": {"uv": [7.5, 14, 6, 12.5], "texture": "#0"},
				"down": {"uv": [9, 12.5, 7.5, 14], "texture": "#0"}
			}
		},
		{
			"from": [4, -15, 5],
			"to": [12, -14, 13],
			"rotation": {"angle": 0, "axis": "y", "origin": [0, -23, 0]},
			"faces": {
				"north": {"uv": [6.5, 14.5, 8.5, 14.75], "texture": "#0"},
				"east": {"uv": [4.5, 14.5, 6.5, 14.75], "texture": "#0"},
				"south": {"uv": [10.5, 14.5, 12.5, 14.75], "texture": "#0"},
				"west": {"uv": [8.5, 14.5, 10.5, 14.75], "texture": "#0"},
				"up": {"uv": [8.5, 14.5, 6.5, 12.5], "texture": "#0"},
				"down": {"uv": [10.5, 12.5, 8.5, 14.5], "texture": "#0"}
			}
		},
		{
			"from": [3, -16, 4],
			"to": [13, -15, 14],
			"rotation": {"angle": 0, "axis": "y", "origin": [0, -23, 0]},
			"faces": {
				"north": {"uv": [7, 15, 9.5, 15.25], "texture": "#0"},
				"east": {"uv": [4.5, 15, 7, 15.25], "texture": "#0"},
				"south": {"uv": [12, 15, 14.5, 15.25], "texture": "#0"},
				"west": {"uv": [9.5, 15, 12, 15.25], "texture": "#0"},
				"up": {"uv": [9.5, 15, 7, 12.5], "texture": "#0"},
				"down": {"uv": [12, 12.5, 9.5, 15], "texture": "#0"}
			}
		}
	],
	"display": {
		"thirdperson_righthand": {
			"translation": [0, 8.5, 0.5],
			"scale": [0.3, 0.4, 0.3]
		},
		"thirdperson_lefthand": {
			"translation": [0, 8.5, 0.25],
			"scale": [0.3, 0.4, 0.3]
		},
		"firstperson_righthand": {
			"rotation": [1, -180, 0],
			"translation": [0.25, 7.75, 0.75],
			"scale": [0.3, 0.4, 0.3]
		},
		"firstperson_lefthand": {
			"rotation": [1, -180, 0],
			"translation": [-1, 7.75, 1.5],
			"scale": [0.3, 0.4, 0.3]
		},
		"ground": {
			"translation": [0, 30, 0],
			"scale": [1, 1.35, 1]
		},
		"gui": {
			"rotation": [0, -152, 0],
			"translation": [0, 0.75, 0],
			"scale": [0.3, 0.4, 0.3]
		},
		"head": {
			"translation": [0, 26, 0]
		},
		"fixed": {
			"translation": [0, 0, -3],
			"scale": [0.3, 0.4, 0.3]
		}
	},
	"groups": [
		{
			"name": "Rocket",
			"origin": [0, -23, 0],
			"children": [0, 1, 2, 3, 4, 5, 6, 7, 8, 9, 10, 11, 12, 13, 14, 15, 16, 17, 18, 19, 20, 21, 22, 23, 24, 25, 26, 27, 28, 29, 30, 31, 32, 33, 34, 35, 36, 37, 38, 39, 40, 41, 42, 43, 44, 45, 46, 47, 48, 49, 50, 51, 52]
		}
	]
}