{
	"credit": "Made with Blockbench",
	"textures": {
		"0": "block/oak_planks",
		"1": "block/diamond_block",
		"2": "block/diamond_block",
		"3": "block/oak_planks",
		"particle": "block/oak_planks"
	},
	"elements": [
		{
			"from": [8, 6, 8],
			"to": [9, 11, 9],
			"faces": {
				"north": {"uv": [0, 0, 1, 4], "texture": "#3"},
				"east": {"uv": [0, 0, 1, 6], "texture": "#3"},
				"south": {"uv": [0, 0, 1, 4], "texture": "#3"},
				"west": {"uv": [0, 0, 1, 4], "texture": "#3"},
				"up": {"uv": [0, 0, 1, 1], "rotation": 90, "texture": "#0"},
				"down": {"uv": [0, 0, 1, 1], "rotation": 270, "texture": "#0"}
			}
		},
		{
			"from": [7.62471, 5, 7.27356],
			"to": [9.62471, 6, 9.27356],
			"rotation": {"angle": -22.5, "axis": "y", "origin": [8, 8, 8]},
			"faces": {
				"north": {"uv": [0, 0, 2, 1], "texture": "#2"},
				"east": {"uv": [0, 0, 2, 1], "texture": "#2"},
				"south": {"uv": [0, 0, 2, 1], "texture": "#2"},
				"west": {"uv": [0, 0, 2, 1], "texture": "#2"},
				"up": {"uv": [4, 6, 6, 8], "rotation": 90, "texture": "#2"},
				"down": {"uv": [2, 3, 4, 5], "rotation": 270, "texture": "#2"}
			}
		},
		{
			"from": [8, 11, 6],
			"to": [9, 16, 7],
			"faces": {
				"north": {"uv": [4, 5, 5, 10], "texture": "#2"},
				"east": {"uv": [11, 7, 12, 12], "texture": "#2"},
				"south": {"uv": [0, 0, 1, 5], "texture": "#missing"},
				"west": {"uv": [5, 6, 6, 11], "texture": "#2"},
				"up": {"uv": [0, 0, 1, 1], "rotation": 90, "texture": "#2"},
				"down": {"uv": [9, 12, 10, 13], "rotation": 270, "texture": "#2"}
			}
		},
		{
			"from": [8, 23, 6],
			"to": [9, 26, 7],
			"faces": {
				"north": {"uv": [4, 5, 5, 10], "texture": "#2"},
				"east": {"uv": [11, 7, 12, 12], "texture": "#2"},
				"south": {"uv": [0, 0, 1, 5], "texture": "#missing"},
				"west": {"uv": [5, 6, 6, 11], "texture": "#2"},
				"up": {"uv": [0, 0, 1, 1], "rotation": 90, "texture": "#1"},
				"down": {"uv": [9, 12, 10, 13], "rotation": 270, "texture": "#2"}
			}
		},
		{
			"from": [8, 11, 7],
			"to": [9, 27, 11],
			"faces": {
				"north": {"uv": [6, 0, 7, 16], "texture": "#2"},
				"east": {"uv": [4, 0, 8, 16], "texture": "#2"},
				"south": {"uv": [4, 0, 5, 16], "texture": "#2"},
				"west": {"uv": [6, 0, 10, 16], "texture": "#2"},
				"up": {"uv": [0, 0, 4, 1], "rotation": 90, "texture": "#2"},
				"down": {"uv": [0, 0, 4, 1], "rotation": 270, "texture": "#2"}
			}
		},
		{
			"from": [8, 17, 6],
			"to": [9, 18, 7],
			"faces": {
				"north": {"uv": [4, 5, 5, 10], "texture": "#2"},
				"east": {"uv": [11, 7, 12, 12], "texture": "#2"},
				"south": {"uv": [0, 0, 1, 5], "texture": "#missing"},
				"west": {"uv": [5, 6, 6, 11], "texture": "#2"},
				"up": {"uv": [0, 0, 1, 1], "rotation": 90, "texture": "#2"},
				"down": {"uv": [9, 12, 10, 13], "rotation": 270, "texture": "#2"}
			}
		},
		{
			"from": [8, 21, 6],
			"to": [9, 22, 7],
			"faces": {
				"north": {"uv": [4, 5, 5, 10], "texture": "#2"},
				"east": {"uv": [11, 7, 12, 12], "texture": "#2"},
				"south": {"uv": [0, 0, 1, 5], "texture": "#missing"},
				"west": {"uv": [5, 6, 6, 11], "texture": "#2"},
				"up": {"uv": [0, 0, 1, 1], "rotation": 90, "texture": "#2"},
				"down": {"uv": [9, 12, 10, 13], "rotation": 270, "texture": "#2"}
			}
		},
		{
			"from": [8, 19, 6],
			"to": [9, 20, 7],
			"faces": {
				"north": {"uv": [4, 5, 5, 10], "texture": "#2"},
				"east": {"uv": [11, 7, 12, 12], "texture": "#2"},
				"south": {"uv": [0, 0, 1, 5], "texture": "#missing"},
				"west": {"uv": [5, 6, 6, 11], "texture": "#2"},
				"up": {"uv": [0, 0, 1, 1], "rotation": 90, "texture": "#2"},
				"down": {"uv": [9, 12, 10, 13], "rotation": 270, "texture": "#2"}
			}
		},
		{
			"from": [8, 26, 6],
			"to": [9, 27, 9],
			"faces": {
				"north": {"uv": [0, 0, 1, 1], "texture": "#2"},
				"east": {"uv": [0, 0, 3, 1], "texture": "#2"},
				"south": {"uv": [0, 0, 1, 1], "texture": "#1"},
				"west": {"uv": [0, 0, 3, 1], "texture": "#2"},
				"up": {"uv": [0, 0, 3, 1], "rotation": 90, "texture": "#missing"},
				"down": {"uv": [0, 0, 3, 1], "rotation": 270, "texture": "#1"}
			}
		},
		{
			"from": [8, 27, 6],
			"to": [9, 28, 8],
			"faces": {
				"north": {"uv": [0, 0, 1, 1], "texture": "#2"},
				"east": {"uv": [0, 0, 2, 1], "texture": "#2"},
				"south": {"uv": [0, 0, 1, 1], "texture": "#missing"},
				"west": {"uv": [3, 2, 5, 3], "texture": "#2"},
				"up": {"uv": [0, 0, 2, 1], "rotation": 90, "texture": "#missing"},
				"down": {"uv": [0, 0, 2, 1], "rotation": 270, "texture": "#missing"}
			}
		},
		{
			"from": [7.92388, 7.85195, 6],
			"to": [9.92388, 8.85195, 8],
			"rotation": {"angle": 22.5, "axis": "z", "origin": [8, 8, 8]},
			"faces": {
				"north": {"uv": [0, 0, 2, 1], "texture": "#3"},
				"east": {"uv": [0, 0, 2, 1], "texture": "#3"},
				"south": {"uv": [0, 0, 2, 1], "texture": "#missing"},
				"west": {"uv": [0, 0, 2, 1], "texture": "#3"},
				"up": {"uv": [0, 0, 2, 2], "rotation": 90, "texture": "#3"},
				"down": {"uv": [0, 0, 2, 2], "rotation": 270, "texture": "#3"}
			}
		},
		{
			"from": [7.92388, 7.85195, 8],
			"to": [9.92388, 8.85195, 11],
			"rotation": {"angle": 22.5, "axis": "z", "origin": [8, 8, 8]},
			"faces": {
				"north": {"uv": [0, 0, 2, 1], "texture": "#missing"},
				"east": {"uv": [0, 0, 3, 1], "texture": "#3"},
				"south": {"uv": [0, 0, 2, 1], "texture": "#3"},
				"west": {"uv": [0, 0, 3, 1], "texture": "#3"},
				"up": {"uv": [0, 0, 3, 2], "rotation": 90, "texture": "#3"},
				"down": {"uv": [0, 0, 3, 2], "rotation": 270, "texture": "#3"}
			}
		},
		{
			"from": [8, 28, 6],
			"to": [9, 29, 7],
			"faces": {
				"north": {"uv": [0, 0, 1, 1], "texture": "#2"},
				"east": {"uv": [0, 0, 1, 1], "texture": "#2"},
				"south": {"uv": [0, 0, 1, 1], "texture": "#missing"},
				"west": {"uv": [1, 2, 2, 3], "texture": "#2"},
				"up": {"uv": [0, 0, 1, 1], "rotation": 90, "texture": "#2"},
				"down": {"uv": [0, 0, 1, 1], "rotation": 270, "texture": "#missing"}
			}
		},
		{
			"from": [8, 27, 8],
			"to": [9, 28, 10],
			"faces": {
				"north": {"uv": [0, 0, 1, 1], "texture": "#missing"},
				"east": {"uv": [0, 0, 2, 1], "texture": "#2"},
				"south": {"uv": [0, 0, 1, 1], "texture": "#2"},
				"west": {"uv": [0, 0, 2, 1], "texture": "#2"},
				"up": {"uv": [3, 5, 5, 6], "rotation": 90, "texture": "#2"},
				"down": {"uv": [0, 0, 2, 1], "rotation": 270, "texture": "#missing"}
			}
		},
		{
			"from": [8, 28, 7],
			"to": [9, 29, 8],
			"faces": {
				"north": {"uv": [0, 0, 1, 1], "texture": "#missing"},
				"east": {"uv": [0, 0, 1, 1], "texture": "#2"},
				"south": {"uv": [0, 0, 1, 1], "texture": "#2"},
				"west": {"uv": [0, 0, 1, 1], "texture": "#2"},
				"up": {"uv": [0, 0, 1, 1], "rotation": 90, "texture": "#2"},
				"down": {"uv": [0, 0, 1, 1], "rotation": 270, "texture": "#missing"}
			}
		},
		{
			"from": [8, 17, 6],
			"to": [9, 18, 7],
			"color": 2,
			"faces": {
				"north": {"uv": [0, 0, 1, 1], "texture": "#missing"},
				"east": {"uv": [0, 0, 1, 1], "texture": "#missing"},
				"south": {"uv": [0, 0, 1, 1], "texture": "#missing"},
				"west": {"uv": [0, 0, 1, 1], "texture": "#missing"},
				"up": {"uv": [0, 0, 1, 1], "rotation": 90, "texture": "#missing"},
				"down": {"uv": [0, 0, 1, 1], "rotation": 270, "texture": "#missing"}
			}
		},
		{
			"from": [8, 19.61732, 15.92388],
			"to": [9, 20.61732, 17.92388],
			"rotation": {"angle": -22.5, "axis": "x", "origin": [8, 8, 8]},
			"faces": {
				"north": {"uv": [0, 0, 1, 1], "texture": "#missing"},
				"east": {"uv": [0, 0, 2, 1], "texture": "#2"},
				"south": {"uv": [0, 0, 1, 1], "texture": "#2"},
				"west": {"uv": [0, 0, 2, 1], "texture": "#2"},
				"up": {"uv": [0, 0, 2, 1], "rotation": 90, "texture": "#2"},
				"down": {"uv": [0, 0, 2, 1], "rotation": 270, "texture": "#2"}
			}
		},
		{
			"from": [8, 21.46508, 16.68925],
			"to": [9, 22.46508, 18.68925],
			"rotation": {"angle": -22.5, "axis": "x", "origin": [8, 8, 8]},
			"faces": {
				"north": {"uv": [0, 0, 1, 1], "texture": "#missing"},
				"east": {"uv": [0, 0, 2, 1], "texture": "#2"},
				"south": {"uv": [0, 0, 1, 1], "texture": "#2"},
				"west": {"uv": [0, 0, 2, 1], "texture": "#2"},
				"up": {"uv": [0, 0, 2, 1], "rotation": 90, "texture": "#2"},
				"down": {"uv": [0, 0, 2, 1], "rotation": 270, "texture": "#2"}
			}
		},
		{
			"from": [8, 17.76956, 15.15851],
			"to": [9, 18.76956, 17.15851],
			"rotation": {"angle": -22.5, "axis": "x", "origin": [8, 8, 8]},
			"faces": {
				"north": {"uv": [0, 0, 1, 1], "texture": "#missing"},
				"east": {"uv": [0, 0, 2, 1], "texture": "#2"},
				"south": {"uv": [0, 0, 1, 1], "texture": "#2"},
				"west": {"uv": [0, 0, 2, 1], "texture": "#2"},
				"up": {"uv": [0, 0, 2, 1], "rotation": 90, "texture": "#2"},
				"down": {"uv": [0, 0, 2, 1], "rotation": 270, "texture": "#2"}
			}
		},
		{
			"from": [8, 15.9218, 14.39315],
			"to": [9, 16.9218, 16.39315],
			"rotation": {"angle": -22.5, "axis": "x", "origin": [8, 8, 8]},
			"faces": {
				"north": {"uv": [0, 0, 1, 1], "texture": "#missing"},
				"east": {"uv": [0, 0, 2, 1], "texture": "#2"},
				"south": {"uv": [0, 0, 1, 1], "texture": "#2"},
				"west": {"uv": [0, 0, 2, 1], "texture": "#2"},
				"up": {"uv": [0, 0, 2, 1], "rotation": 90, "texture": "#2"},
				"down": {"uv": [0, 0, 2, 1], "rotation": 270, "texture": "#2"}
			}
		},
		{
			"from": [8, 14.07404, 13.62778],
			"to": [9, 15.07404, 15.62778],
			"rotation": {"angle": -22.5, "axis": "x", "origin": [8, 8, 8]},
			"faces": {
				"north": {"uv": [0, 0, 1, 1], "texture": "#missing"},
				"east": {"uv": [0, 0, 2, 1], "texture": "#2"},
				"south": {"uv": [0, 0, 1, 1], "texture": "#2"},
				"west": {"uv": [0, 0, 2, 1], "texture": "#2"},
				"up": {"uv": [0, 0, 2, 1], "rotation": 90, "texture": "#2"},
				"down": {"uv": [0, 0, 2, 1], "rotation": 270, "texture": "#2"}
			}
		}
	],
	"display": {
		"thirdperson_righthand": {
			"rotation": [0, -1, 0],
			"translation": [-1, 0, 1]
		},
		"thirdperson_lefthand": {
			"translation": [0, 0, 0.5]
		},
		"firstperson_righthand": {
			"translation": [0, 1, 0]
		},
		"firstperson_lefthand": {
			"translation": [0, 1, 0]
		},
		"gui": {
			"rotation": [0, -88, 0],
			"translation": [0, -5.25, 0]
		},
		"fixed": {
			"rotation": [0, -92, 0],
			"translation": [1.25, -6.75, -1.5],
			"scale": [0.99, 1, 1]
		}
	}
}