{
  "_fv": 10,
  "_type": "mob",
  "definition": {
    "mobName": "Alien Bee",
    "mobLabel": "",
    "mobModelName": "Modelalienbee",
    "mobModelTexture": "alienbee.png",
    "mobModelGlowTexture": "",
    "modelWidth": 0.6,
    "modelHeight": 0.6,
    "modelShadowSize": 0.5,
    "mountedYOffset": 0.0,
    "hasSpawnEgg": true,
    "spawnEggBaseColor": {
      "value": -16750849,
      "falpha": 0.0
    },
    "spawnEggDotColor": {
      "value": -16777063,
      "falpha": 0.0
    },
    "creativeTab": {
      "value": "CUSTOM:BossTools"
    },
    "isBoss": false,
    "bossBarColor": "PINK",
    "bossBarType": "PROGRESS",
    "equipmentMainHand": {
      "value": "Blocks.LEAVES#0"
    },
    "equipmentOffHand": {
      "value": "Items.DIAMOND"
    },
    "equipmentHelmet": {
      "value": "Blocks.DEADBUSH"
    },
    "equipmentBody": {
      "value": "Blocks.RED_FLOWER#0"
    },
    "equipmentLeggings": {
      "value": "Items.QUARTZ"
    },
    "equipmentBoots": {
      "value": "Items.IRON_NUGGET"
    },
    "mobBehaviourType": "Creature",
    "mobCreatureType": "UNDEFINED",
    "attackStrength": 3,
    "movementSpeed": 0.30000000000000004,
    "armorBaseValue": 0.0,
    "trackingRange": 64,
    "health": 10,
    "xpAmount": 0,
    "waterMob": false,
    "flyingMob": true,
    "guiBoundTo": "<NONE>",
    "inventorySize": 9,
    "inventoryStackSize": 64,
    "disableCollisions": false,
    "ridable": false,
    "canControlForward": false,
    "canControlStrafe": false,
    "immuneToFire": false,
    "immuneToArrows": false,
    "immuneToFallDamage": false,
    "immuneToCactus": false,
    "immuneToDrowning": false,
    "immuneToLightning": false,
    "immuneToPotions": false,
    "immuneToPlayer": false,
    "mobDrop": {
      "value": ""
    },
    "livingSound": {
      "value": "block.beehive.work"
    },
    "hurtSound": {
      "value": "entity.bee.hurt"
    },
    "deathSound": {
      "value": "entity.bee.death"
    },
    "stepSound": {
      "value": ""
    },
    "spawnParticles": false,
    "particleToSpawn": {
      "value": "EXPLOSION_NORMAL"
    },
    "particleSpawningShape": "Spread",
    "particleSpawningRadious": 0.5,
    "particleAmount": 4,
    "onMobTickUpdate": {
      "name": "AlienBeeOnEntityTickUpdate"
    },
    "hasAI": true,
    "aiBase": "(none)",
    "aixml": "<xml xmlns=\"https://developers.google.com/blockly/xml\"><block type=\"attack_fly\" x=\"713\" y=\"-4\"><field name=\"radius\">16</field><field name=\"speed\">1</field><field name=\"condition\">null,null</field><next><block type=\"fly\"><field name=\"speed\">0.8</field><field name=\"condition\">null,null</field><next><block type=\"attack_on_collide\"><field name=\"speed\">1.2</field><field name=\"longmemory\">FALSE</field><field name=\"condition\">null,null</field><next><block type=\"look_around\"><field name=\"condition\">null,null</field><next><block type=\"attack_entity\"><field name=\"insight\">FALSE</field><field name=\"nearby\">FALSE</field><field name=\"entity\">EntityPlayer</field><field name=\"condition\">null,null</field><next><block type=\"attack_action\"><field name=\"callhelp\">FALSE</field><field name=\"condition\">null,null</field></block></next></block></next></block></next></block></next></block></next></block><block type=\"aitasks_container\" deletable=\"false\" x=\"40\" y=\"40\"><next><block type=\"attack_fly\"><field name=\"radius\">16</field><field name=\"speed\">1.7</field><field name=\"condition\">null,null</field><next><block type=\"fly\"><field name=\"speed\">1.5</field><field name=\"condition\">null,null</field><next><block type=\"attack_on_collide\"><field name=\"speed\">1.8</field><field name=\"longmemory\">FALSE</field><field name=\"condition\">null,null</field><next><block type=\"look_around\"><field name=\"condition\">null,null</field><next><block type=\"swim_in_water\"><field name=\"condition\">null,null</field><next><block type=\"leap_at_target\"><field name=\"speed\">0.5</field><field name=\"condition\">null,null</field><next><block type=\"attack_entity\"><field name=\"insight\">TRUE</field><field name=\"nearby\">FALSE</field><field name=\"entity\">EntityPlayer</field><field name=\"condition\">null,null</field><next><block type=\"attack_action\"><field name=\"callhelp\">TRUE</field><field name=\"condition\">null,null</field></block></next></block></next></block></next></block></next></block></next></block></next></block></next></block></next></block><block type=\"fly\" x=\"806\" y=\"213\"><field name=\"speed\">1.5</field><field name=\"condition\">null,null</field><next><block type=\"look_around\"><field name=\"condition\">null,null</field></block></next></block></xml>",
    "breedable": false,
    "tameable": false,
    "breedTriggerItems": [],
    "ranged": false,
    "rangedAttackItem": {
      "value": ""
    },
    "rangedItemType": "Default item",
    "spawnThisMob": false,
    "doesDespawnWhenIdle": false,
    "spawningProbability": 20,
    "mobSpawningType": "monster",
    "minNumberOfMobsPerGroup": 4,
    "maxNumberOfMobsPerGroup": 4,
    "restrictionBiomes": [],
    "spawnInDungeons": false
  }
}