{
  "_fv": 10,
  "_type": "structure",
  "definition": {
    "structure": "moonhouse2",
    "randomlyRotateStructure": true,
    "surfaceDetectionType": "First motion blocking block",
    "spawnProbability": 1000,
    "minCountPerChunk": 1,
    "maxCountPerChunk": 1,
    "spawnLocation": "Ground",
    "spawnHeightOffset": 1,
    "spawnWorldTypes": [
      "CUSTOM:Moon"
    ],
    "restrictionBlocks": [],
    "restrictionBiomes": [],
    "ignoreBlocks": "STRUCTURE_BLOCK",
    "onStructureGenerated": {
      "name": "AlienVillageOnStructureInstanceGenerated"
    }
  }
}