{
  "_fv": 10,
  "_type": "gui",
  "definition": {
    "type": 1,
    "width": 354,
    "height": 344,
    "renderBgLayer": true,
    "doesPauseGame": false,
    "components": [
      {
        "type": "label",
        "data": {
          "text": "Blast Furnace",
          "color": {
            "value": -13421773,
            "falpha": 0.0
          },
          "name": "Blast Furnace",
          "x": 259,
          "y": 77
        }
      },
      {
        "type": "inputslot",
        "data": {
          "inputLimit": {
            "value": ""
          },
          "id": 1,
          "disableStackInteraction": false,
          "dropItemsWhenNotBound": true,
          "name": "Slot #1",
          "x": 354,
          "y": 186
        }
      },
      {
        "type": "inputslot",
        "data": {
          "inputLimit": {
            "value": ""
          },
          "id": 0,
          "disableStackInteraction": false,
          "dropItemsWhenNotBound": true,
          "name": "Slot #0",
          "x": 354,
          "y": 96
        }
      },
      {
        "type": "label",
        "data": {
          "text": "Inventory",
          "color": {
            "value": -13421773,
            "falpha": 0.0
          },
          "name": "Inventory",
          "x": 264,
          "y": 220
        }
      },
      {
        "type": "outputslot",
        "data": {
          "id": 2,
          "disableStackInteraction": false,
          "dropItemsWhenNotBound": true,
          "name": "Slot #2",
          "x": 440,
          "y": 143
        }
      },
      {
        "type": "image",
        "data": {
          "image": "feslot2.png",
          "name": "feslot2.png",
          "x": 436,
          "y": 116
        }
      },
      {
        "type": "label",
        "data": {
          "text": "<BNBT:integer:loading>",
          "color": {
            "value": -13421773,
            "falpha": 0.0
          },
          "name": "<BNBT:integer:loading>",
          "x": 442,
          "y": 123
        }
      },
      {
        "type": "image",
        "data": {
          "image": "bigarrowright.png",
          "name": "bigarrowright.png",
          "x": 394,
          "y": 145
        }
      },
      {
        "type": "image",
        "data": {
          "image": "blastfurnaceicontnt2.png",
          "name": "blastfurnaceicontnt2.png",
          "x": 356,
          "y": 142
        }
      },
      {
        "type": "label",
        "data": {
          "text": "%",
          "color": {
            "value": -13421773,
            "falpha": 0.0
          },
          "name": "%",
          "x": 484,
          "y": 122
        }
      },
      {
        "type": "image",
        "data": {
          "image": "recpiegui.png",
          "name": "recpiegui.png",
          "x": 356,
          "y": 146
        }
      },
      {
        "type": "label",
        "data": {
          "text": "<BNBT:integer:fuelRemaining>",
          "color": {
            "value": -13421773,
            "falpha": 0.0
          },
          "name": "<BNBT:integer:fuelRemaining>",
          "x": 360,
          "y": 152
        }
      }
    ]
  }
}