{
  "_fv": 10,
  "_type": "gui",
  "definition": {
    "type": 1,
    "width": 352,
    "height": 332,
    "renderBgLayer": true,
    "doesPauseGame": false,
    "components": [
      {
        "type": "label",
        "data": {
          "text": "Coal Generator",
          "color": {
            "value": -13421773,
            "falpha": 0.0
          },
          "name": "Coal Generator",
          "x": 359,
          "y": 87
        }
      },
      {
        "type": "inputslot",
        "data": {
          "inputLimit": {
            "value": ""
          },
          "id": 0,
          "disableStackInteraction": false,
          "dropItemsWhenNotBound": true,
          "name": "Slot #0",
          "x": 337,
          "y": 116
        }
      },
      {
        "type": "image",
        "data": {
          "image": "pfeilright7.png",
          "name": "pfeilright7.png",
          "x": 364,
          "y": 103
        }
      },
      {
        "type": "image",
        "data": {
          "image": "feslot.png",
          "name": "feslot.png",
          "x": 432,
          "y": 114
        }
      },
      {
        "type": "label",
        "data": {
          "text": "<energy>",
          "color": {
            "value": -13421773,
            "falpha": 0.0
          },
          "name": "<energy>",
          "x": 437,
          "y": 127
        }
      },
      {
        "type": "label",
        "data": {
          "text": "FE",
          "color": {
            "value": -13421773,
            "falpha": 0.0
          },
          "name": "FE",
          "x": 498,
          "y": 128
        }
      },
      {
        "type": "image",
        "data": {
          "image": "kleincherpfeilnachutenm.png",
          "name": "kleincherpfeilnachutenm.png",
          "x": 324,
          "y": 156
        }
      },
      {
        "type": "image",
        "data": {
          "image": "recpiegui.png",
          "name": "recpiegui.png",
          "x": 338,
          "y": 190
        }
      },
      {
        "type": "label",
        "data": {
          "text": "<BNBT:integer:fuelRemaining>",
          "color": {
            "value": -13421773,
            "falpha": 0.0
          },
          "name": "<BNBT:integer:fuelRemaining>",
          "x": 342,
          "y": 194
        }
      },
      {
        "type": "label",
        "data": {
          "text": "%",
          "color": {
            "value": -13421773,
            "falpha": 0.0
          },
          "name": "%",
          "x": 374,
          "y": 194
        }
      },
      {
        "type": "label",
        "data": {
          "text": "Inventory",
          "color": {
            "value": -13421773,
            "falpha": 0.0
          },
          "name": "Inventory",
          "x": 264,
          "y": 220
        }
      }
    ]
  }
}