{
  "_fv": 10,
  "_type": "recipe",
  "definition": {
    "recipeType": "Crafting",
    "xpReward": 0.0,
    "cookingTime": 200,
    "recipeRetstackSize": 8,
    "recipeShapeless": false,
    "recipeSlots": [
      {
        "value": "Blocks.STONE#0"
      },
      {
        "value": "Blocks.STONE#0"
      },
      {
        "value": "Blocks.STONE#0"
      },
      {
        "value": "Blocks.STONE#0"
      },
      {
        "value": "Items.DYE#2"
      },
      {
        "value": "Blocks.STONE#0"
      },
      {
        "value": "Blocks.STONE#0"
      },
      {
        "value": "Blocks.STONE#0"
      },
      {
        "value": "Blocks.STONE#0"
      }
    ],
    "recipeReturnStack": {
      "value": "CUSTOM:Greensgreen"
    },
    "name": "greensgrenrezept",
    "namespace": "mod"
  }
}