{
  "_fv": 10,
  "_type": "loottable",
  "definition": {
    "type": "Chest",
    "pools": [
      {
        "minrolls": 5,
        "maxrolls": 10,
        "minbonusrolls": 1,
        "maxbonusrolls": 1,
        "hasbonusrolls": false,
        "entries": [
          {
            "type": "item",
            "item": {
              "value": "Items.EMERALD"
            },
            "weight": 20
          },
          {
            "type": "item",
            "item": {
              "value": "Items.QUARTZ"
            },
            "weight": 20
          },
          {
            "type": "item",
            "item": {
              "value": "Items.IRON_INGOT"
            },
            "weight": 20
          },
          {
            "type": "item",
            "item": {
              "value": "Items.GOLD_NUGGET"
            },
            "weight": 20
          },
          {
            "type": "item",
            "item": {
              "value": "Blocks.WEB"
            },
            "weight": 20
          },
          {
            "type": "item",
            "item": {
              "value": "Blocks.WITHER_ROSE"
            },
            "weight": 20
          }
        ]
      },
      {
        "minrolls": 5,
        "maxrolls": 10,
        "minbonusrolls": 1,
        "maxbonusrolls": 1,
        "hasbonusrolls": false,
        "entries": [
          {
            "type": "item",
            "item": {
              "value": "Items.IRON_INGOT"
            },
            "weight": 20
          },
          {
            "type": "item",
            "item": {
              "value": "Items.IRON_NUGGET"
            },
            "weight": 20
          },
          {
            "type": "item",
            "item": {
              "value": "Items.GOLD_NUGGET"
            },
            "weight": 20
          },
          {
            "type": "item",
            "item": {
              "value": "Items.GOLD_INGOT"
            },
            "weight": 20
          },
          {
            "type": "item",
            "item": {
              "value": "CUSTOM:Steahl"
            },
            "weight": 20
          },
          {
            "type": "item",
            "item": {
              "value": "Blocks.WITHER_ROSE"
            },
            "weight": 20
          },
          {
            "type": "item",
            "item": {
              "value": "CUSTOM:Moonsand"
            },
            "weight": 20
          }
        ]
      },
      {
        "minrolls": 5,
        "maxrolls": 10,
        "minbonusrolls": 1,
        "maxbonusrolls": 1,
        "hasbonusrolls": false,
        "entries": [
          {
            "type": "item",
            "item": {
              "value": "Items.DIAMOND"
            },
            "weight": 20
          },
          {
            "type": "item",
            "item": {
              "value": "Items.EMERALD"
            },
            "weight": 20
          },
          {
            "type": "item",
            "item": {
              "value": "Items.GOLD_NUGGET"
            },
            "weight": 20
          },
          {
            "type": "item",
            "item": {
              "value": "CUSTOM:Steahl"
            },
            "weight": 20
          },
          {
            "type": "item",
            "item": {
              "value": "Items.REDSTONE"
            },
            "weight": 20
          },
          {
            "type": "item",
            "item": {
              "value": "Blocks.WEB"
            },
            "weight": 20
          },
          {
            "type": "item",
            "item": {
              "value": "Items.IRON_INGOT"
            },
            "weight": 20
          }
        ]
      }
    ],
    "name": "loot",
    "namespace": "minecraft"
  }
}