{
  "_fv": 10,
  "_type": "recipe",
  "definition": {
    "recipeType": "Crafting",
    "xpReward": 0.0,
    "cookingTime": 200,
    "recipeRetstackSize": 1,
    "group": "",
    "recipeShapeless": false,
    "recipeSlots": [
      {
        "value": "CUSTOM:MoonCopperingot"
      },
      {
        "value": "CUSTOM:Steahl"
      },
      {
        "value": "CUSTOM:MoonCopperingot"
      },
      {
        "value": "CUSTOM:Steahl"
      },
      {
        "value": ""
      },
      {
        "value": "CUSTOM:Steahl"
      },
      {
        "value": "CUSTOM:MoonCopperingot"
      },
      {
        "value": "CUSTOM:Steahl"
      },
      {
        "value": "CUSTOM:MoonCopperingot"
      }
    ],
    "recipeReturnStack": {
      "value": "CUSTOM:MotorTier2"
    },
    "name": "motorrezepttir_2",
    "namespace": "mod"
  }
}