{
  "_fv": 10,
  "_type": "gui",
  "definition": {
    "type": 1,
    "width": 352,
    "height": 334,
    "renderBgLayer": true,
    "doesPauseGame": false,
    "components": [
      {
        "type": "image",
        "data": {
          "image": "nasaworkbenchtopnew.png",
          "name": "nasaworkbenchtopnew.png",
          "x": 250,
          "y": -13
        }
      },
      {
        "type": "label",
        "data": {
          "text": "NASA Workbench",
          "color": {
            "value": -13421773,
            "falpha": 0.0
          },
          "name": "NASA Workbench",
          "x": 259,
          "y": -6
        }
      },
      {
        "type": "inputslot",
        "data": {
          "inputLimit": {
            "value": ""
          },
          "id": 0,
          "disableStackInteraction": false,
          "dropItemsWhenNotBound": true,
          "name": "Slot #0",
          "x": 325,
          "y": 15
        }
      },
      {
        "type": "inputslot",
        "data": {
          "inputLimit": {
            "value": ""
          },
          "id": 1,
          "disableStackInteraction": false,
          "dropItemsWhenNotBound": true,
          "name": "Slot #1",
          "x": 309,
          "y": 49
        }
      },
      {
        "type": "inputslot",
        "data": {
          "inputLimit": {
            "value": ""
          },
          "id": 2,
          "disableStackInteraction": false,
          "dropItemsWhenNotBound": true,
          "name": "Slot #2",
          "x": 343,
          "y": 49
        }
      },
      {
        "type": "inputslot",
        "data": {
          "inputLimit": {
            "value": ""
          },
          "id": 3,
          "disableStackInteraction": false,
          "dropItemsWhenNotBound": true,
          "name": "Slot #3",
          "x": 309,
          "y": 83
        }
      },
      {
        "type": "inputslot",
        "data": {
          "inputLimit": {
            "value": ""
          },
          "id": 4,
          "disableStackInteraction": false,
          "dropItemsWhenNotBound": true,
          "name": "Slot #4",
          "x": 343,
          "y": 83
        }
      },
      {
        "type": "inputslot",
        "data": {
          "inputLimit": {
            "value": ""
          },
          "id": 5,
          "disableStackInteraction": false,
          "dropItemsWhenNotBound": true,
          "name": "Slot #5",
          "x": 309,
          "y": 117
        }
      },
      {
        "type": "inputslot",
        "data": {
          "inputLimit": {
            "value": ""
          },
          "id": 6,
          "disableStackInteraction": false,
          "dropItemsWhenNotBound": true,
          "name": "Slot #6",
          "x": 343,
          "y": 117
        }
      },
      {
        "type": "image",
        "data": {
          "image": "nasaworkbenchguinormal.png",
          "name": "nasaworkbenchguinormal.png",
          "x": 250,
          "y": 149
        }
      },
      {
        "type": "inputslot",
        "data": {
          "inputLimit": {
            "value": ""
          },
          "id": 7,
          "disableStackInteraction": false,
          "dropItemsWhenNotBound": true,
          "name": "Slot #7",
          "x": 309,
          "y": 151
        }
      },
      {
        "type": "inputslot",
        "data": {
          "inputLimit": {
            "value": ""
          },
          "id": 8,
          "disableStackInteraction": false,
          "dropItemsWhenNotBound": true,
          "name": "Slot #8",
          "x": 343,
          "y": 151
        }
      },
      {
        "type": "inputslot",
        "data": {
          "inputLimit": {
            "value": ""
          },
          "id": 9,
          "disableStackInteraction": false,
          "dropItemsWhenNotBound": true,
          "name": "Slot #9",
          "x": 275,
          "y": 151
        }
      },
      {
        "type": "inputslot",
        "data": {
          "inputLimit": {
            "value": ""
          },
          "id": 10,
          "disableStackInteraction": false,
          "dropItemsWhenNotBound": true,
          "name": "Slot #10",
          "x": 377,
          "y": 151
        }
      },
      {
        "type": "inputslot",
        "data": {
          "inputLimit": {
            "value": ""
          },
          "id": 11,
          "disableStackInteraction": false,
          "dropItemsWhenNotBound": true,
          "name": "Slot #11",
          "x": 275,
          "y": 185
        }
      },
      {
        "type": "inputslot",
        "data": {
          "inputLimit": {
            "value": ""
          },
          "id": 12,
          "disableStackInteraction": false,
          "dropItemsWhenNotBound": true,
          "name": "Slot #12",
          "x": 377,
          "y": 185
        }
      },
      {
        "type": "inputslot",
        "data": {
          "inputLimit": {
            "value": ""
          },
          "id": 13,
          "disableStackInteraction": false,
          "dropItemsWhenNotBound": true,
          "name": "Slot #13",
          "x": 325,
          "y": 185
        }
      },
      {
        "type": "label",
        "data": {
          "text": "Inventory",
          "color": {
            "value": -13421773,
            "falpha": 0.0
          },
          "name": "Inventory",
          "x": 265,
          "y": 221
        }
      },
      {
        "type": "image",
        "data": {
          "image": "nasaworktexture1.png",
          "name": "nasaworktexture1.png",
          "x": 359,
          "y": 189
        }
      },
      {
        "type": "image",
        "data": {
          "image": "nasaworktexture2.png",
          "name": "nasaworktexture2.png",
          "x": 309,
          "y": 188
        }
      },
      {
        "type": "image",
        "data": {
          "image": "nasaworktexture3.png",
          "name": "nasaworktexture3.png",
          "x": 411,
          "y": 188
        }
      },
      {
        "type": "image",
        "data": {
          "image": "nasaworktexture4.png",
          "name": "nasaworktexture4.png",
          "x": 377,
          "y": 219
        }
      },
      {
        "type": "image",
        "data": {
          "image": "nasaworktexture5.png",
          "name": "nasaworktexture5.png",
          "x": 324,
          "y": 218
        }
      },
      {
        "type": "image",
        "data": {
          "image": "nasaworktexture6.png",
          "name": "nasaworktexture6.png",
          "x": 274,
          "y": 218
        }
      },
      {
        "type": "outputslot",
        "data": {
          "id": 14,
          "disableStackInteraction": false,
          "dropItemsWhenNotBound": true,
          "name": "Slot #14",
          "x": 517,
          "y": 161
        }
      },
      {
        "type": "image",
        "data": {
          "image": "nasaworkbenchoutput.png",
          "name": "nasaworkbenchoutput.png",
          "x": 498,
          "y": 143
        }
      },
      {
        "type": "image",
        "data": {
          "image": "nasaworktexture7.png",
          "name": "nasaworktexture7.png",
          "x": 404,
          "y": 218
        }
      },
      {
        "type": "image",
        "data": {
          "image": "nasapfeil.png",
          "name": "nasapfeil.png",
          "x": 462,
          "y": 108
        }
      },
      {
        "type": "label",
        "data": {
          "text": "14",
          "color": {
            "value": -1,
            "falpha": 0.0
          },
          "name": "14",
          "x": 536,
          "y": 153
        }
      }
    ]
  }
}