{
  "_fv": 10,
  "_type": "item",
  "definition": {
    "renderType": 0,
    "texture": "orbitplacer",
    "customModelName": "Normal",
    "name": "Space Station",
    "creativeTab": {
      "value": "CUSTOM:BossTools"
    },
    "stackSize": 1,
    "enchantability": 0,
    "useDuration": 0,
    "toolType": 1.0,
    "damageCount": 0,
    "destroyAnyBlock": false,
    "stayInGridWhenCrafting": false,
    "damageOnCrafting": false,
    "enableMeleeDamage": false,
    "damageVsEntity": 0.0,
    "specialInfo": [
      "Right Click to Place (Only on Orbit)"
    ],
    "hasGlow": false,
    "guiBoundTo": "<NONE>",
    "inventorySize": 9,
    "inventoryStackSize": 64,
    "onRightClickedInAir": {
      "name": "OrbitPlacerRightClickedInAir"
    }
  }
}