{
  "_fv": 10,
  "_type": "recipe",
  "definition": {
    "recipeType": "Crafting",
    "xpReward": 0.0,
    "cookingTime": 200,
    "recipeRetstackSize": 1,
    "group": "",
    "recipeShapeless": false,
    "recipeSlots": [
      {
        "value": "Blocks.WOOL#14"
      },
      {
        "value": "Blocks.WOOL#14"
      },
      {
        "value": "Blocks.WOOL#14"
      },
      {
        "value": "CUSTOM:Ironplate"
      },
      {
        "value": ""
      },
      {
        "value": "CUSTOM:Ironplate"
      },
      {
        "value": "CUSTOM:Ironplate"
      },
      {
        "value": "CUSTOM:IronBlockSlab"
      },
      {
        "value": "CUSTOM:Ironplate"
      }
    ],
    "recipeReturnStack": {
      "value": "CUSTOM:OxygenTank"
    },
    "name": "oxygen_tankrezept",
    "namespace": "mod"
  }
}