{
  "_fv": 10,
  "_type": "gui",
  "definition": {
    "type": 1,
    "width": 352,
    "height": 342,
    "renderBgLayer": true,
    "doesPauseGame": false,
    "components": [
      {
        "type": "label",
        "data": {
          "text": "Bullet Generator",
          "color": {
            "value": -13421773,
            "falpha": 0.0
          },
          "name": "Bullet Generator",
          "x": 257,
          "y": 75
        }
      },
      {
        "type": "label",
        "data": {
          "text": "Energy <BNBT:integer:fuelRemaining>%",
          "color": {
            "value": -13421773,
            "falpha": 0.0
          },
          "name": "Energy <BNBT:integer:fuelRemaining>%",
          "x": 451,
          "y": 104
        }
      },
      {
        "type": "inputslot",
        "data": {
          "inputLimit": {
            "value": ""
          },
          "id": 1,
          "disableStackInteraction": false,
          "dropItemsWhenNotBound": true,
          "name": "Slot #1",
          "x": 408,
          "y": 186
        }
      },
      {
        "type": "inputslot",
        "data": {
          "inputLimit": {
            "value": ""
          },
          "id": 0,
          "disableStackInteraction": false,
          "dropItemsWhenNotBound": true,
          "name": "Slot #0",
          "x": 408,
          "y": 96
        }
      },
      {
        "type": "image",
        "data": {
          "image": "pfeil4.png",
          "name": "pfeil4.png",
          "x": 394,
          "y": 135
        }
      },
      {
        "type": "image",
        "data": {
          "image": "pfeilright5.png",
          "name": "pfeilright5.png",
          "x": 342,
          "y": 173
        }
      },
      {
        "type": "image",
        "data": {
          "image": "pfeilright6.png",
          "name": "pfeilright6.png",
          "x": 343,
          "y": 79
        }
      },
      {
        "type": "image",
        "data": {
          "image": "slot7.png",
          "name": "slot7.png",
          "x": 319,
          "y": 189
        }
      },
      {
        "type": "image",
        "data": {
          "image": "coal.png",
          "name": "coal.png",
          "x": 318,
          "y": 188
        }
      },
      {
        "type": "image",
        "data": {
          "image": "slot8.png",
          "name": "slot8.png",
          "x": 318,
          "y": 96
        }
      },
      {
        "type": "image",
        "data": {
          "image": "leaves4.png",
          "name": "leaves4.png",
          "x": 318,
          "y": 96
        }
      },
      {
        "type": "label",
        "data": {
          "text": "Inventory",
          "color": {
            "value": -13421773,
            "falpha": 0.0
          },
          "name": "Inventory",
          "x": 265,
          "y": 223
        }
      }
    ]
  }
}