{
  "_fv": 10,
  "_type": "gui",
  "definition": {
    "type": 1,
    "width": 352,
    "height": 332,
    "renderBgLayer": true,
    "doesPauseGame": false,
    "components": [
      {
        "type": "label",
        "data": {
          "text": "Oxygen Loader",
          "color": {
            "value": -13421773,
            "falpha": 0.0
          },
          "name": "Oxygen Loader",
          "x": 260,
          "y": 81
        }
      },
      {
        "type": "inputslot",
        "data": {
          "inputLimit": {
            "value": ""
          },
          "id": 0,
          "disableStackInteraction": false,
          "dropItemsWhenNotBound": true,
          "name": "Slot #0",
          "x": 354,
          "y": 108
        }
      },
      {
        "type": "label",
        "data": {
          "text": "FE",
          "color": {
            "value": -13421773,
            "falpha": 0.0
          },
          "name": "FE",
          "x": 572,
          "y": 98
        }
      },
      {
        "type": "image",
        "data": {
          "image": "feslot.png",
          "name": "feslot.png",
          "x": 508,
          "y": 84
        }
      },
      {
        "type": "label",
        "data": {
          "text": "<energy>",
          "color": {
            "value": -13421773,
            "falpha": 0.0
          },
          "name": "<energy>",
          "x": 512,
          "y": 98
        }
      },
      {
        "type": "label",
        "data": {
          "text": "Inventory",
          "color": {
            "value": -13421773,
            "falpha": 0.0
          },
          "name": "Inventory",
          "x": 264,
          "y": 221
        }
      },
      {
        "type": "image",
        "data": {
          "image": "recpiegui.png",
          "name": "recpiegui.png",
          "x": 388,
          "y": 192
        }
      },
      {
        "type": "inputslot",
        "data": {
          "inputLimit": {
            "value": ""
          },
          "id": 1,
          "disableStackInteraction": false,
          "dropItemsWhenNotBound": true,
          "name": "Slot #1",
          "x": 354,
          "y": 186
        }
      },
      {
        "type": "label",
        "data": {
          "text": "<BNBT:integer:fuelRemaining>",
          "color": {
            "value": -13421773,
            "falpha": 0.0
          },
          "name": "<BNBT:integer:fuelRemaining>",
          "x": 392,
          "y": 197
        }
      },
      {
        "type": "image",
        "data": {
          "image": "arrowup.png",
          "name": "arrowup.png",
          "x": 350,
          "y": 146
        }
      },
      {
        "type": "label",
        "data": {
          "text": "%",
          "color": {
            "value": -13421773,
            "falpha": 0.0
          },
          "name": "%",
          "x": 424,
          "y": 196
        }
      }
    ]
  }
}