{
  "_fv": 10,
  "_type": "gui",
  "definition": {
    "type": 0,
    "width": 510,
    "height": 340,
    "renderBgLayer": false,
    "doesPauseGame": false,
    "components": [
      {
        "type": "image",
        "data": {
          "image": "guirockettier1newguinew.png",
          "name": "guirockettier1newguinew.png",
          "x": 172,
          "y": 71
        }
      },
      {
        "type": "button",
        "data": {
          "text": "Moon",
          "onClick": {
            "name": "RocketmoonGuiMoonTp"
          },
          "width": 197,
          "height": 40,
          "name": "Moon",
          "x": 343,
          "y": 226
        }
      },
      {
        "type": "button",
        "data": {
          "text": "Overworld",
          "onClick": {
            "name": "RocketOverworldtp"
          },
          "width": 200,
          "height": 40,
          "name": "Overworld",
          "x": 341,
          "y": 155
        }
      },
      {
        "type": "button",
        "data": {
          "text": "orbit",
          "onClick": {
            "name": "Rocketoverworldumlaufbahn"
          },
          "width": 74,
          "height": 40,
          "name": "orbit",
          "x": 548,
          "y": 154
        }
      },
      {
        "type": "image",
        "data": {
          "image": "moonbild.png",
          "name": "moonbild.png",
          "x": 265,
          "y": 216
        }
      },
      {
        "type": "image",
        "data": {
          "image": "overworldbild.png",
          "name": "overworldbild.png",
          "x": 267,
          "y": 145
        }
      }
    ]
  }
}