{
  "_fv": 10,
  "_type": "gui",
  "definition": {
    "type": 0,
    "width": 510,
    "height": 340,
    "renderBgLayer": false,
    "doesPauseGame": false,
    "components": [
      {
        "type": "image",
        "data": {
          "image": "guirockettier1newguinew.png",
          "name": "guirockettier1newguinew.png",
          "x": 172,
          "y": 71
        }
      },
      {
        "type": "button",
        "data": {
          "text": "Overworld",
          "onClick": {
            "name": "RocketOverworldtp"
          },
          "width": 193,
          "height": 40,
          "name": "Overworld",
          "x": 346,
          "y": 140
        }
      },
      {
        "type": "button",
        "data": {
          "text": "Moon",
          "onClick": {
            "name": "RocketmoonGuiMoonTp"
          },
          "width": 191,
          "height": 40,
          "name": "Moon",
          "x": 348,
          "y": 212
        }
      },
      {
        "type": "button",
        "data": {
          "text": "Mars",
          "onClick": {
            "name": "Rocketmarsworldtp"
          },
          "width": 195,
          "height": 40,
          "name": "Mars",
          "x": 348,
          "y": 283
        }
      },
      {
        "type": "button",
        "data": {
          "text": "orbit",
          "onClick": {
            "name": "Rocketoverworldumlaufbahn"
          },
          "width": 72,
          "height": 40,
          "name": "orbit",
          "x": 548,
          "y": 140
        }
      },
      {
        "type": "image",
        "data": {
          "image": "overworldbild.png",
          "name": "overworldbild.png",
          "x": 271,
          "y": 130
        }
      },
      {
        "type": "image",
        "data": {
          "image": "moonbild.png",
          "name": "moonbild.png",
          "x": 269,
          "y": 203
        }
      },
      {
        "type": "image",
        "data": {
          "image": "marsbild.png",
          "name": "marsbild.png",
          "x": 268,
          "y": 274
        }
      }
    ]
  }
}