{
  "_fv": 10,
  "_type": "gui",
  "definition": {
    "type": 1,
    "width": 352,
    "height": 332,
    "renderBgLayer": true,
    "doesPauseGame": false,
    "components": [
      {
        "type": "label",
        "data": {
          "text": "Rocket Tier2",
          "color": {
            "value": -13421773,
            "falpha": 0.0
          },
          "name": "Rocket Tier2",
          "x": 365,
          "y": 80
        }
      },
      {
        "type": "inputslot",
        "data": {
          "inputLimit": {
            "value": "CUSTOM:FuelBucketBig"
          },
          "id": 0,
          "disableStackInteraction": false,
          "dropItemsWhenNotBound": true,
          "name": "Slot #0",
          "x": 408,
          "y": 115
        }
      },
      {
        "type": "image",
        "data": {
          "image": "kleincherpfeilnachutenm.png",
          "name": "kleincherpfeilnachutenm.png",
          "x": 395,
          "y": 152
        }
      },
      {
        "type": "image",
        "data": {
          "image": "feslot.png",
          "name": "feslot.png",
          "x": 396,
          "y": 180
        }
      },
      {
        "type": "label",
        "data": {
          "text": "<ENBT:number:fuel>",
          "color": {
            "value": -13421773,
            "falpha": 0.0
          },
          "name": "<ENBT:number:fuel>",
          "x": 400,
          "y": 191
        }
      },
      {
        "type": "label",
        "data": {
          "text": "Inventory",
          "color": {
            "value": -13421773,
            "falpha": 0.0
          },
          "name": "Inventory",
          "x": 267,
          "y": 217
        }
      },
      {
        "type": "label",
        "data": {
          "text": "Fuel",
          "color": {
            "value": -13421773,
            "falpha": 0.0
          },
          "name": "Fuel",
          "x": 460,
          "y": 192
        }
      }
    ]
  }
}