{
  "_fv": 10,
  "_type": "recipe",
  "definition": {
    "recipeType": "Crafting",
    "xpReward": 0.0,
    "cookingTime": 200,
    "recipeRetstackSize": 1,
    "group": "",
    "recipeShapeless": false,
    "recipeSlots": [
      {
        "value": "CUSTOM:Steahl"
      },
      {
        "value": "CUSTOM:Battery"
      },
      {
        "value": "CUSTOM:Steahlblock"
      },
      {
        "value": "CUSTOM:Ironplate"
      },
      {
        "value": "CUSTOM:TurbinenRad"
      },
      {
        "value": "CUSTOM:TurbinenGehause"
      },
      {
        "value": "CUSTOM:Steahl"
      },
      {
        "value": "CUSTOM:Battery"
      },
      {
        "value": "CUSTOM:Ironplate"
      }
    ],
    "recipeReturnStack": {
      "value": "CUSTOM:Turbine"
    },
    "name": "turbinenrezept",
    "namespace": "mod"
  }
}